Year,Production,State,Mineral Type
1851,9701.5,QLD,Gold
1852,9722.4,QLD,Gold
1853,9841.5,QLD,Gold
1854,9927.0,QLD,Gold
1855,9961.7,QLD,Gold
1856,9990.4,QLD,Gold
1857,10017.7,QLD,Gold
1858,10043.8,QLD,Gold
1859,21.5,QLD,Gold
1860,85.2,QLD,Gold
1861,28.8,QLD,Gold
1862,4.54,QLD,Gold
1863,108,QLD,Gold
1864,610,QLD,Gold
1865,680,QLD,Gold
1866,626,QLD,Gold
1867,"1,386",QLD,Gold
1868,"4,345",QLD,Gold
1869,"3,829",QLD,Gold
1870,"3,584",QLD,Gold
1871,"4,517",QLD,Gold
1872,"4,835",QLD,Gold
1873,"5,254",QLD,Gold
1874,"9,929",QLD,Gold
1875,"10,971",QLD,Gold
1876,"10,529",QLD,Gold
1877,"9,644",QLD,Gold
1878,"8,414",QLD,Gold
1879,"7,572",QLD,Gold
1880,"6,918",QLD,Gold
1881,"7,011",QLD,Gold
1882,"5,754",QLD,Gold
1883,"5,395",QLD,Gold
1884,"7,779",QLD,Gold
1885,"7,779",QLD,Gold
1886,"8,692",QLD,Gold
1887,"10,850",QLD,Gold
1888,"12,377",QLD,Gold
1889,"19,736",QLD,Gold
1890,"15,980",QLD,Gold
1891,"14,865",QLD,Gold
1892,"15,847",QLD,Gold
1893,"15,872",QLD,Gold
1894,"17,061",QLD,Gold
1895,"15,745",QLD,Gold
1896,"15,617",QLD,Gold
1897,"18,690",QLD,Gold
1898,"20,137",QLD,Gold
1899,"20,782",QLD,Gold
1900,"21,024",QLD,Gold
1901,"18,610",QLD,Gold
1902,"19,918",QLD,Gold
1903,"20,792",QLD,Gold
1904,"19,878",QLD,Gold
1905,"18,431",QLD,Gold
1906,"16,938",QLD,Gold
1907,"14,489",QLD,Gold
1908,"14,464",QLD,Gold
1909,"14,169",QLD,Gold
1910,"13,728",QLD,Gold
1911,"12,010",QLD,Gold
1912,"10,821",QLD,Gold
1913,"8,264",QLD,Gold
1914,"7,758",QLD,Gold
1915,"7,766",QLD,Gold
1916,"6,692",QLD,Gold
1917,"5,576",QLD,Gold
1918,"4,154",QLD,Gold
1919,"3,764",QLD,Gold
1920,"3,584",QLD,Gold
1921,"1,256",QLD,Gold
1922,"2,506",QLD,Gold
1923,"2,759",QLD,Gold
1924,"3,074",QLD,Gold
1925,"1,443",QLD,Gold
1926,322,QLD,Gold
1927,"1,181",QLD,Gold
1928,413,QLD,Gold
1929,295,QLD,Gold
1930,243,QLD,Gold
1931,409,QLD,Gold
1932,723,QLD,Gold
1933,"2,861",QLD,Gold
1934,"3,591",QLD,Gold
1935,"3,203",QLD,Gold
1936,"3,769",QLD,Gold
1937,"3,958",QLD,Gold
1938,"4,710",QLD,Gold
1939,"4,579",QLD,Gold
1940,"3,944",QLD,Gold
1941,"3,392",QLD,Gold
1942,"2,958",QLD,Gold
1943,"1,954",QLD,Gold
1944,"1,593",QLD,Gold
1945,"1,966",QLD,Gold
1946,"1,951",QLD,Gold
1947,"2,248",QLD,Gold
1948,"2,166",QLD,Gold
1949,"2,372",QLD,Gold
1950,"2,745",QLD,Gold
1951,"2,444",QLD,Gold
1952,"2,667",QLD,Gold
1953,"2,858",QLD,Gold
1954,"3,046",QLD,Gold
1955,"2,000",QLD,Gold
1956,"1,742",QLD,Gold
1957,"1,971",QLD,Gold
1958,"2,319",QLD,Gold
1959,"2,851",QLD,Gold
1960,"2,434",QLD,Gold
1961,"2,015",QLD,Gold
1962,"2,106",QLD,Gold
1963,"2,133",QLD,Gold
1964,"3,139",QLD,Gold
1965,"2,394",QLD,Gold
1966,"4,329",QLD,Gold
1967,"2,973",QLD,Gold
1968,"2,579",QLD,Gold
1969,"2,237",QLD,Gold
1970,"2,589",QLD,Gold
1971,"2,824",QLD,Gold
1972,"2,357",QLD,Gold
1973,"1,391",QLD,Gold
1974,"1,984",QLD,Gold
1975,"1,395",QLD,Gold
1976,"1,439",QLD,Gold
1977,"1,084",QLD,Gold
1978,607,QLD,Gold
1979,515,QLD,Gold
1980,675,QLD,Gold
1981,"1,510",QLD,Gold
1982,579,QLD,Gold
1983,"1,061",QLD,Gold
1984,"1,751",QLD,Gold
1985,"9,276",QLD,Gold
1986,"11,123",QLD,Gold
1987,"15,495",QLD,Gold
1988,"24,780",QLD,Gold
1989,"27,720",QLD,Gold
1990,"29,728",QLD,Gold
1991,"27,061",QLD,Gold
1992,"32,608",QLD,Gold
1993,"27,405",QLD,Gold
1994,"29,233",QLD,Gold
1995,"27,842",QLD,Gold
1996,"28,202",QLD,Gold
1997,"28,829",QLD,Gold
1998,"32,326",QLD,Gold
1999,"33,648",QLD,Gold
2000,"37,099",QLD,Gold
2001,"31,890",QLD,Gold
2002,"25,064",QLD,Gold
2003,"26,240",QLD,Gold
2004,"23,165",QLD,Gold
2005,"24,618",QLD,Gold
2006,"22,502",QLD,Gold
2007,"22,912",QLD,Gold
2008,"19,146",QLD,Gold
2009,"15,651",QLD,Gold
2010,"15,209",QLD,Gold
2011,"16,488",QLD,Gold
2012,"15,529",QLD,Gold
2013,"16,658",QLD,Gold
2014,"16,649",QLD,Gold
2015,"18,348",QLD,Gold
2016,"18,191",QLD,Gold
2017,"20,165",QLD,Gold
2018,"17,665",QLD,Gold
2019,"14,989",QLD,Gold
2020,"13,480",QLD,Gold
2021,"13,145",QLD,Gold
1851,"3,429",NSW,Gold
1852,"19,482",NSW,Gold
1853,"13,974",NSW,Gold
1854,"5,661",NSW,Gold
1855,"4,793",NSW,Gold
1856,"5,046",NSW,Gold
1857,"4,938",NSW,Gold
1858,"8,084",NSW,Gold
1859,"9,219",NSW,Gold
1860,"10,729",NSW,Gold
1861,"13,224",NSW,Gold
1862,"18,068",NSW,Gold
1863,"13,151",NSW,Gold
1864,"9,554",NSW,Gold
1865,"9,015",NSW,Gold
1866,"8,174",NSW,Gold
1867,"7,714",NSW,Gold
1868,"7,283",NSW,Gold
1869,"7,132",NSW,Gold
1870,"6,816",NSW,Gold
1871,"9,155",NSW,Gold
1872,"12,038",NSW,Gold
1873,"10,224",NSW,Gold
1874,"7,626",NSW,Gold
1875,"6,426",NSW,Gold
1876,"4,490",NSW,Gold
1877,"3,452",NSW,Gold
1878,"3,150",NSW,Gold
1879,"2,981",NSW,Gold
1880,"3,253",NSW,Gold
1881,"4,200",NSW,Gold
1882,"3,855",NSW,Gold
1883,"3,357",NSW,Gold
1884,"2,900",NSW,Gold
1885,"2,772",NSW,Gold
1886,"2,682",NSW,Gold
1887,"2,889",NSW,Gold
1888,"2,323",NSW,Gold
1889,"3,183",NSW,Gold
1890,"3,370",NSW,Gold
1891,"4,094",NSW,Gold
1892,"4,212",NSW,Gold
1893,"4,768",NSW,Gold
1894,"8,469",NSW,Gold
1895,"9,635",NSW,Gold
1896,"7,859",NSW,Gold
1897,"8,085",NSW,Gold
1898,"8,799",NSW,Gold
1899,"11,885",NSW,Gold
1900,"7,841",NSW,Gold
1901,"5,397",NSW,Gold
1902,"5,015",NSW,Gold
1903,"7,907",NSW,Gold
1904,"8,391",NSW,Gold
1905,"8,530",NSW,Gold
1906,"7,899",NSW,Gold
1907,"7,693",NSW,Gold
1908,"6,991",NSW,Gold
1909,"6,366",NSW,Gold
1910,"5,873",NSW,Gold
1911,"5,633",NSW,Gold
1912,"5,141",NSW,Gold
1913,"4,654",NSW,Gold
1914,"3,872",NSW,Gold
1915,"4,121",NSW,Gold
1916,"3,363",NSW,Gold
1917,"2,556",NSW,Gold
1918,"2,707",NSW,Gold
1919,"2,048",NSW,Gold
1920,"1,521",NSW,Gold
1921,"1,591",NSW,Gold
1922,784,NSW,Gold
1923,586,NSW,Gold
1924,581,NSW,Gold
1925,604,NSW,Gold
1926,604,NSW,Gold
1927,561,NSW,Gold
1928,399,NSW,Gold
1929,233,NSW,Gold
1930,389,NSW,Gold
1931,612,NSW,Gold
1932,869,NSW,Gold
1933,910,NSW,Gold
1934,"1,123",NSW,Gold
1935,"1,558",NSW,Gold
1936,"1,889",NSW,Gold
1937,"2,134",NSW,Gold
1938,"2,759",NSW,Gold
1939,"2,712",NSW,Gold
1940,"3,118",NSW,Gold
1941,"2,740",NSW,Gold
1942,"2,402",NSW,Gold
1943,"1,984",NSW,Gold
1944,"1,947",NSW,Gold
1945,"1,341",NSW,Gold
1946,995,NSW,Gold
1947,"1,558",NSW,Gold
1948,"1,622",NSW,Gold
1949,"1,611",NSW,Gold
1950,"1,597",NSW,Gold
1951,"1,521",NSW,Gold
1952,"1,214",NSW,Gold
1953,823,NSW,Gold
1954,976,NSW,Gold
1955,935,NSW,Gold
1956,896,NSW,Gold
1957,965,NSW,Gold
1958,582,NSW,Gold
1959,413,NSW,Gold
1960,424,NSW,Gold
1961,374,NSW,Gold
1962,349,NSW,Gold
1963,354,NSW,Gold
1964,329,NSW,Gold
1965,300,NSW,Gold
1966,282,NSW,Gold
1967,333,NSW,Gold
1968,270,NSW,Gold
1969,329,NSW,Gold
1970,325,NSW,Gold
1971,305,NSW,Gold
1972,310,NSW,Gold
1973,297,NSW,Gold
1974,282,NSW,Gold
1975,389,NSW,Gold
1976,502,NSW,Gold
1977,430,NSW,Gold
1978,422,NSW,Gold
1979,471,NSW,Gold
1980,573,NSW,Gold
1981,587,NSW,Gold
1982,610,NSW,Gold
1983,673,NSW,Gold
1984,"1,112",NSW,Gold
1985,"1,536",NSW,Gold
1986,961,NSW,Gold
1987,"4,201",NSW,Gold
1988,"5,630",NSW,Gold
1989,"8,750",NSW,Gold
1990,"8,052",NSW,Gold
1991,"6,332",NSW,Gold
1992,"5,650",NSW,Gold
1993,"8,112",NSW,Gold
1994,"7,602",NSW,Gold
1995,"9,744",NSW,Gold
1996,"11,102",NSW,Gold
1997,"11,715",NSW,Gold
1998,"14,768",NSW,Gold
1999,"21,042",NSW,Gold
2000,"18,582",NSW,Gold
2001,"17,103",NSW,Gold
2002,"23,483",NSW,Gold
2003,"27,492",NSW,Gold
2004,"29,144",NSW,Gold
2005,"28,046",NSW,Gold
2006,"27,041",NSW,Gold
2007,"34,861",NSW,Gold
2008,"31,384",NSW,Gold
2009,"25,243",NSW,Gold
2010,"30,286",NSW,Gold
2011,"30,165",NSW,Gold
2012,"25,817",NSW,Gold
2013,"32,025",NSW,Gold
2014,"34,633",NSW,Gold
2015,"34,430",NSW,Gold
2016,"40,222",NSW,Gold
2017,"33,762",NSW,Gold
2018,"39,511",NSW,Gold
2019,"41,326",NSW,Gold
2020,"38,072",NSW,Gold
2021,"31,928",NSW,Gold
1851,"6,515",VIC,Gold
1852,"66,964",VIC,Gold
1853,"80,364",VIC,Gold
1854,"64,971",VIC,Gold
1855,"82,566",VIC,Gold
1856,"89,433",VIC,Gold
1857,"82,886",VIC,Gold
1858,"76,034",VIC,Gold
1859,"68,785",VIC,Gold
1860,"65,135",VIC,Gold
1861,"59,603",VIC,Gold
1862,"50,671",VIC,Gold
1863,"49,635",VIC,Gold
1864,"47,515",VIC,Gold
1865,"47,196",VIC,Gold
1866,"45,304",VIC,Gold
1867,"43,972",VIC,Gold
1868,"49,345",VIC,Gold
1869,"45,240",VIC,Gold
1870,"38,198",VIC,Gold
1871,"40,091",VIC,Gold
1872,"38,991",VIC,Gold
1873,"34,277",VIC,Gold
1874,"32,146",VIC,Gold
1875,"31,290",VIC,Gold
1876,"28,225",VIC,Gold
1877,"23,712",VIC,Gold
1878,"22,200",VIC,Gold
1879,"22,227",VIC,Gold
1880,"24,282",VIC,Gold
1881,"24,407",VIC,Gold
1882,"25,321",VIC,Gold
1883,"22,851",VIC,Gold
1884,"22,803",VIC,Gold
1885,"21,532",VIC,Gold
1886,"19,481",VIC,Gold
1887,"18,092",VIC,Gold
1888,"18,305",VIC,Gold
1889,"18,006",VIC,Gold
1890,"17,237",VIC,Gold
1891,"16,881",VIC,Gold
1892,"19,167",VIC,Gold
1893,"19,655",VIC,Gold
1894,"20,997",VIC,Gold
1895,"21,674",VIC,Gold
1896,"23,578",VIC,Gold
1897,"23,803",VIC,Gold
1898,"24,520",VIC,Gold
1899,"25,025",VIC,Gold
1900,"23,646",VIC,Gold
1901,"22,717",VIC,Gold
1902,"22,419",VIC,Gold
1903,"23,863",VIC,Gold
1904,"23,810",VIC,Gold
1905,"23,237",VIC,Gold
1906,"24,018",VIC,Gold
1907,"21,632",VIC,Gold
1908,"20,875",VIC,Gold
1909,"20,346",VIC,Gold
1910,"17,739",VIC,Gold
1911,"15,674",VIC,Gold
1912,"14,932",VIC,Gold
1913,"13,526",VIC,Gold
1914,"12,851",VIC,Gold
1915,"10,234",VIC,Gold
1916,"7,982",VIC,Gold
1917,"6,278",VIC,Gold
1918,"4,940",VIC,Gold
1919,"4,212",VIC,Gold
1920,"4,752",VIC,Gold
1921,"3,250",VIC,Gold
1922,"3,324",VIC,Gold
1923,"2,967",VIC,Gold
1924,"2,089",VIC,Gold
1925,"1,471",VIC,Gold
1926,"1,526",VIC,Gold
1927,"1,199",VIC,Gold
1928,"1,055",VIC,Gold
1929,817,VIC,Gold
1930,750,VIC,Gold
1931,"1,357",VIC,Gold
1932,"1,485",VIC,Gold
1933,"1,809",VIC,Gold
1934,"2,183",VIC,Gold
1935,"2,725",VIC,Gold
1936,"3,657",VIC,Gold
1937,"4,534",VIC,Gold
1938,"4,486",VIC,Gold
1939,"4,868",VIC,Gold
1940,"5,616",VIC,Gold
1941,"4,658",VIC,Gold
1942,"3,157",VIC,Gold
1943,"1,757",VIC,Gold
1944,"1,682",VIC,Gold
1945,"1,922",VIC,Gold
1946,"2,705",VIC,Gold
1947,"2,634",VIC,Gold
1948,"2,133",VIC,Gold
1949,"2,128",VIC,Gold
1950,"2,109",VIC,Gold
1951,"2,055",VIC,Gold
1952,"2,077",VIC,Gold
1953,"1,988",VIC,Gold
1954,"1,638",VIC,Gold
1955,"1,183",VIC,Gold
1956,"1,208",VIC,Gold
1957,"1,423",VIC,Gold
1958,"1,290",VIC,Gold
1959,"1,078",VIC,Gold
1960,888,VIC,Gold
1961,816,VIC,Gold
1962,879,VIC,Gold
1963,767,VIC,Gold
1964,662,VIC,Gold
1965,599,VIC,Gold
1966,653,VIC,Gold
1967,342,VIC,Gold
1968,344,VIC,Gold
1969,266,VIC,Gold
1970,253,VIC,Gold
1971,122,VIC,Gold
1972,10.0,VIC,Gold
1973,100,VIC,Gold
1974,126,VIC,Gold
1975,216,VIC,Gold
1976,61.0,VIC,Gold
1977,11.0,VIC,Gold
1978,12.0,VIC,Gold
1979,23.0,VIC,Gold
1980,36.0,VIC,Gold
1981,75.0,VIC,Gold
1982,100,VIC,Gold
1983,113,VIC,Gold
1984,411,VIC,Gold
1985,962,VIC,Gold
1986,"1,148",VIC,Gold
1987,"1,206",VIC,Gold
1988,"1,770",VIC,Gold
1989,"1,840",VIC,Gold
1990,"3,926",VIC,Gold
1991,"3,760",VIC,Gold
1992,"3,353",VIC,Gold
1993,"4,364",VIC,Gold
1994,"3,820",VIC,Gold
1995,"4,301",VIC,Gold
1996,"4,516",VIC,Gold
1997,"4,825",VIC,Gold
1998,"4,896",VIC,Gold
1999,"4,633",VIC,Gold
2000,"4,230",VIC,Gold
2001,"3,498",VIC,Gold
2002,"3,243",VIC,Gold
2003,"3,111",VIC,Gold
2004,"3,456",VIC,Gold
2005,"5,236",VIC,Gold
2006,"6,272",VIC,Gold
2007,"6,418",VIC,Gold
2008,"6,089",VIC,Gold
2009,"7,599",VIC,Gold
2010,"5,679",VIC,Gold
2011,"5,407",VIC,Gold
2012,"4,066",VIC,Gold
2013,"6,222",VIC,Gold
2014,"6,573",VIC,Gold
2015,"7,014",VIC,Gold
2016,"7,975",VIC,Gold
2017,"10,376",VIC,Gold
2018,"12,990",VIC,Gold
2019,"24,006",VIC,Gold
2020,"25,872",VIC,Gold
2021,"21,881",VIC,Gold
1851,1432.668359,TAS,Gold
1852,1432.145835,TAS,Gold
1853,1431.626366,TAS,Gold
1854,1423.371241,TAS,Gold
1855,1420.018193,TAS,Gold
1856,13.2,TAS,Gold
1857,10.1,TAS,Gold
1858,6.81,TAS,Gold
1859,3.58,TAS,Gold
1860,0.31,TAS,Gold
1861,0.25,TAS,Gold
1862,1421.162875,TAS,Gold
1863,1413.553736,TAS,Gold
1864,1405.872135,TAS,Gold
1865,1398.060017,TAS,Gold
1866,7.65,TAS,Gold
1867,32.1,TAS,Gold
1868,18.6,TAS,Gold
1869,3.8,TAS,Gold
1870,26.8,TAS,Gold
1871,172,TAS,Gold
1872,200,TAS,Gold
1873,135,TAS,Gold
1874,135,TAS,Gold
1875,87.7,TAS,Gold
1876,329,TAS,Gold
1877,171,TAS,Gold
1878,732,TAS,Gold
1879,"1,691",TAS,Gold
1880,"1,474",TAS,Gold
1881,"1,588",TAS,Gold
1882,"1,372",TAS,Gold
1883,"1,292",TAS,Gold
1884,"1,174",TAS,Gold
1885,"1,137",TAS,Gold
1886,858,TAS,Gold
1887,"1,161",TAS,Gold
1888,"1,077",TAS,Gold
1889,876,TAS,Gold
1890,556,TAS,Gold
1891,"1,065",TAS,Gold
1892,"1,164",TAS,Gold
1893,"1,035",TAS,Gold
1894,"1,589",TAS,Gold
1895,"1,509",TAS,Gold
1896,"1,739",TAS,Gold
1897,"2,172",TAS,Gold
1898,"2,134",TAS,Gold
1899,"2,398",TAS,Gold
1900,"2,315",TAS,Gold
1901,"2,161",TAS,Gold
1902,"2,208",TAS,Gold
1903,"1,863",TAS,Gold
1904,"2,050",TAS,Gold
1905,"2,287",TAS,Gold
1906,"1,867",TAS,Gold
1907,"2,033",TAS,Gold
1908,"1,775",TAS,Gold
1909,"1,393",TAS,Gold
1910,"1,152",TAS,Gold
1911,967,TAS,Gold
1912,"1,181",TAS,Gold
1913,"1,039",TAS,Gold
1914,816,TAS,Gold
1915,577,TAS,Gold
1916,491,TAS,Gold
1917,451,TAS,Gold
1918,327,TAS,Gold
1919,239,TAS,Gold
1920,194,TAS,Gold
1921,166,TAS,Gold
1922,107,TAS,Gold
1923,115,TAS,Gold
1924,144,TAS,Gold
1925,110,TAS,Gold
1926,131,TAS,Gold
1927,151,TAS,Gold
1928,112,TAS,Gold
1929,174,TAS,Gold
1930,139,TAS,Gold
1931,148,TAS,Gold
1932,185,TAS,Gold
1933,208,TAS,Gold
1934,175,TAS,Gold
1935,259,TAS,Gold
1936,547,TAS,Gold
1937,631,TAS,Gold
1938,690,TAS,Gold
1939,622,TAS,Gold
1940,596,TAS,Gold
1941,619,TAS,Gold
1942,571,TAS,Gold
1943,536,TAS,Gold
1944,518,TAS,Gold
1945,406,TAS,Gold
1946,478,TAS,Gold
1947,468,TAS,Gold
1948,401,TAS,Gold
1949,378,TAS,Gold
1950,484,TAS,Gold
1951,449,TAS,Gold
1952,500,TAS,Gold
1953,528,TAS,Gold
1954,602,TAS,Gold
1955,525,TAS,Gold
1956,533,TAS,Gold
1957,623,TAS,Gold
1958,676,TAS,Gold
1959,664,TAS,Gold
1960,746,TAS,Gold
1961,836,TAS,Gold
1962,999,TAS,Gold
1963,"1,133",TAS,Gold
1964,"1,069",TAS,Gold
1965,"1,023",TAS,Gold
1966,"1,135",TAS,Gold
1967,"1,167",TAS,Gold
1968,"1,135",TAS,Gold
1969,"1,252",TAS,Gold
1970,"1,335",TAS,Gold
1971,"1,793",TAS,Gold
1972,"2,021",TAS,Gold
1973,"1,511",TAS,Gold
1974,"1,585",TAS,Gold
1975,"1,669",TAS,Gold
1976,"1,495",TAS,Gold
1977,"1,891",TAS,Gold
1978,"1,892",TAS,Gold
1979,"1,747",TAS,Gold
1980,"1,311",TAS,Gold
1981,"1,950",TAS,Gold
1982,"1,737",TAS,Gold
1983,"2,077",TAS,Gold
1984,"1,926",TAS,Gold
1985,"2,334",TAS,Gold
1986,"2,674",TAS,Gold
1987,"2,225",TAS,Gold
1988,"2,030",TAS,Gold
1989,"1,760",TAS,Gold
1990,"1,676",TAS,Gold
1991,"1,621",TAS,Gold
1992,"1,145",TAS,Gold
1993,"1,301",TAS,Gold
1994,"1,322",TAS,Gold
1995,622,TAS,Gold
1996,"1,635",TAS,Gold
1997,"4,148",TAS,Gold
1998,"4,179",TAS,Gold
1999,"4,950",TAS,Gold
2000,"6,680",TAS,Gold
2001,"6,181",TAS,Gold
2002,"6,053",TAS,Gold
2003,"9,315",TAS,Gold
2004,"10,598",TAS,Gold
2005,"8,336",TAS,Gold
2006,"5,097",TAS,Gold
2007,"4,190",TAS,Gold
2008,"5,061",TAS,Gold
2009,"5,010",TAS,Gold
2010,"2,465",TAS,Gold
2011,"2,218",TAS,Gold
2012,"2,138",TAS,Gold
2013,"2,027",TAS,Gold
2014,"1,906",TAS,Gold
2015,"1,622",TAS,Gold
2016,"1,113",TAS,Gold
2017,"1,126",TAS,Gold
2018,"1,280",TAS,Gold
2019,"1,883",TAS,Gold
2020,"3,257",TAS,Gold
2021,694,TAS,Gold
1851,1343.3,SA,Gold
1852,20.0,SA,Gold
1853,850,SA,Gold
1854,800,SA,Gold
1855,180,SA,Gold
1856,150,SA,Gold
1857,140,SA,Gold
1858,130,SA,Gold
1859,130,SA,Gold
1860,120,SA,Gold
1861,120,SA,Gold
1862,100,SA,Gold
1863,70.0,SA,Gold
1864,40.0,SA,Gold
1865,40.0,SA,Gold
1866,30.0,SA,Gold
1867,100,SA,Gold
1868,200,SA,Gold
1869,750,SA,Gold
1870,830,SA,Gold
1871,850,SA,Gold
1872,200,SA,Gold
1873,120,SA,Gold
1874,20.0,SA,Gold
1875,100,SA,Gold
1876,72.4,SA,Gold
1877,1.0,SA,Gold
1878,8.96,SA,Gold
1879,0.65,SA,Gold
1880,1.0,SA,Gold
1881,6.44,SA,Gold
1882,33.9,SA,Gold
1883,77.1,SA,Gold
1884,113,SA,Gold
1885,134,SA,Gold
1886,238,SA,Gold
1887,527,SA,Gold
1888,250,SA,Gold
1889,273,SA,Gold
1890,152,SA,Gold
1891,200,SA,Gold
1892,191,SA,Gold
1893,92.0,SA,Gold
1894,245,SA,Gold
1895,191,SA,Gold
1896,105,SA,Gold
1897,286,SA,Gold
1898,78.5,SA,Gold
1899,114,SA,Gold
1900,107,SA,Gold
1901,122,SA,Gold
1902,182,SA,Gold
1903,210,SA,Gold
1904,557,SA,Gold
1905,336,SA,Gold
1906,198,SA,Gold
1907,150,SA,Gold
1908,90.1,SA,Gold
1909,221,SA,Gold
1910,205,SA,Gold
1911,110,SA,Gold
1912,205,SA,Gold
1913,204,SA,Gold
1914,195,SA,Gold
1915,189,SA,Gold
1916,242,SA,Gold
1917,222,SA,Gold
1918,192,SA,Gold
1919,100,SA,Gold
1920,52.8,SA,Gold
1921,81.7,SA,Gold
1922,31.1,SA,Gold
1923,29.5,SA,Gold
1924,27.4,SA,Gold
1925,25.9,SA,Gold
1926,23.6,SA,Gold
1927,13.0,SA,Gold
1928,16.5,SA,Gold
1929,31.4,SA,Gold
1930,40.8,SA,Gold
1931,86.5,SA,Gold
1932,93.7,SA,Gold
1933,198,SA,Gold
1934,214,SA,Gold
1935,228,SA,Gold
1936,239,SA,Gold
1937,217,SA,Gold
1938,165,SA,Gold
1939,122,SA,Gold
1940,102,SA,Gold
1941,52.2,SA,Gold
1942,41.5,SA,Gold
1943,16.1,SA,Gold
1944,16.8,SA,Gold
1945,8.61,SA,Gold
1946,19.5,SA,Gold
1947,19.6,SA,Gold
1948,63.3,SA,Gold
1949,68.4,SA,Gold
1950,35.5,SA,Gold
1951,11.3,SA,Gold
1952,13.6,SA,Gold
1953,13.8,SA,Gold
1954,1.68,SA,Gold
1955,1.56,SA,Gold
1956,1.34,SA,Gold
1957,1.09,SA,Gold
1958,1.49,SA,Gold
1959,0.50,SA,Gold
1960,1.12,SA,Gold
1961,1.71,SA,Gold
1962,1.49,SA,Gold
1963,0.50,SA,Gold
1964,0.53,SA,Gold
1965,0.062,SA,Gold
1966,0.16,SA,Gold
1967,0.031,SA,Gold
1968,1.18,SA,Gold
1969,12.0,SA,Gold
1970,16.0,SA,Gold
1971,17.0,SA,Gold
1972,78.0,SA,Gold
1973,70.0,SA,Gold
1974,67.0,SA,Gold
1975,64.0,SA,Gold
1976,42.0,SA,Gold
1977,3.00,SA,Gold
1978,1.00,SA,Gold
1979,6.00,SA,Gold
1980,16.0,SA,Gold
1981,32.0,SA,Gold
1982,10.0,SA,Gold
1983,5.00,SA,Gold
1984,5.00,SA,Gold
1985,2.00,SA,Gold
1986,2.00,SA,Gold
1987,1.00,SA,Gold
1988,10.0,SA,Gold
1989,280,SA,Gold
1990,890,SA,Gold
1991,763,SA,Gold
1992,"1,053",SA,Gold
1993,"1,676",SA,Gold
1994,"1,844",SA,Gold
1995,"1,716",SA,Gold
1996,"1,811",SA,Gold
1997,"1,642",SA,Gold
1998,"1,744",SA,Gold
1999,"1,773",SA,Gold
2000,"2,948",SA,Gold
2001,"4,313",SA,Gold
2002,"3,136",SA,Gold
2003,"5,327",SA,Gold
2004,"5,116",SA,Gold
2005,"6,243",SA,Gold
2006,"6,746",SA,Gold
2007,"6,922",SA,Gold
2008,"6,714",SA,Gold
2009,"8,900",SA,Gold
2010,"13,499",SA,Gold
2011,"14,729",SA,Gold
2012,"12,663",SA,Gold
2013,"12,429",SA,Gold
2014,"12,586",SA,Gold
2015,"11,790",SA,Gold
2016,"9,827",SA,Gold
2017,"8,443",SA,Gold
2018,"9,352",SA,Gold
2019,"8,545",SA,Gold
2020,"11,840",SA,Gold
2021,"12,009",SA,Gold
1851,63910.99,WA,Gold
1852,63948.01,WA,Gold
1853,66483.13,WA,Gold
1854,71517.57,WA,Gold
1855,79048.61,WA,Gold
1856,89077.25,WA,Gold
1857,101603.47,WA,Gold
1858,116622.87,WA,Gold
1859,134130.97,WA,Gold
1860,154118.65,WA,Gold
1861,176600.68,WA,Gold
1862,199073.16,WA,Gold
1863,221465.82,WA,Gold
1864,243782.95,WA,Gold
1865,265979.85,WA,Gold
1866,288190.89,WA,Gold
1867,310337.52,WA,Gold
1868,332447.85,WA,Gold
1869,354514.78,WA,Gold
1870,376601.37,WA,Gold
1871,398694.90,WA,Gold
1872,420826.35,WA,Gold
1873,442980.85,WA,Gold
1874,465148.13,WA,Gold
1875,487329.20,WA,Gold
1876,509541.02,WA,Gold
1877,531777.33,WA,Gold
1878,554036.45,WA,Gold
1879,576291.58,WA,Gold
1880,598568.01,WA,Gold
1881,598295.54,WA,Gold
1882,598058.85,WA,Gold
1883,597841.31,WA,Gold
1884,597645.03,WA,Gold
1885,597481.36,WA,Gold
1886,8.40,WA,Gold
1887,136,WA,Gold
1888,97.2,WA,Gold
1889,431,WA,Gold
1890,635,WA,Gold
1891,843,WA,Gold
1892,"1,657",WA,Gold
1893,"3,085",WA,Gold
1894,"5,763",WA,Gold
1895,"6,441",WA,Gold
1896,"7,825",WA,Gold
1897,"18,780",WA,Gold
1898,"29,218",WA,Gold
1899,"45,736",WA,Gold
1900,"43,985",WA,Gold
1901,"52,976",WA,Gold
1902,"58,189",WA,Gold
1903,"64,215",WA,Gold
1904,"61,678",WA,Gold
1905,"60,810",WA,Gold
1906,"55,810",WA,Gold
1907,"52,794",WA,Gold
1908,"51,250",WA,Gold
1909,"49,613",WA,Gold
1910,"45,737",WA,Gold
1911,"42,634",WA,Gold
1912,"39,891",WA,Gold
1913,"40,867",WA,Gold
1914,"38,346",WA,Gold
1915,"37,634",WA,Gold
1916,"33,009",WA,Gold
1917,"30,177",WA,Gold
1918,"27,259",WA,Gold
1919,"22,829",WA,Gold
1920,"19,215",WA,Gold
1921,"17,221",WA,Gold
1922,"16,739",WA,Gold
1923,"15,690",WA,Gold
1924,"15,085",WA,Gold
1925,"13,723",WA,Gold
1926,"13,601",WA,Gold
1927,"12,700",WA,Gold
1928,"12,235",WA,Gold
1929,"11,730",WA,Gold
1930,"12,985",WA,Gold
1931,"15,879",WA,Gold
1932,"18,833",WA,Gold
1933,"19,817",WA,Gold
1934,"20,257",WA,Gold
1935,"20,185",WA,Gold
1936,"26,317",WA,Gold
1937,"31,120",WA,Gold
1938,"36,318",WA,Gold
1939,"37,763",WA,Gold
1940,"37,055",WA,Gold
1941,"34,500",WA,Gold
1942,"26,378",WA,Gold
1943,"16,995",WA,Gold
1944,"14,501",WA,Gold
1945,"14,572",WA,Gold
1946,"19,188",WA,Gold
1947,"21,891",WA,Gold
1948,"20,681",WA,Gold
1949,"20,166",WA,Gold
1950,"18,981",WA,Gold
1951,"20,160",WA,Gold
1952,"22,624",WA,Gold
1953,"25,597",WA,Gold
1954,"26,808",WA,Gold
1955,"25,948",WA,Gold
1956,"25,301",WA,Gold
1957,"26,427",WA,Gold
1958,"27,207",WA,Gold
1959,"26,776",WA,Gold
1960,"27,056",WA,Gold
1961,"27,077",WA,Gold
1962,"26,747",WA,Gold
1963,"24,969",WA,Gold
1964,"22,251",WA,Gold
1965,"20,413",WA,Gold
1966,"19,501",WA,Gold
1967,"17,844",WA,Gold
1968,"16,046",WA,Gold
1969,"13,720",WA,Gold
1970,"10,898",WA,Gold
1971,"10,734",WA,Gold
1972,"10,471",WA,Gold
1973,"8,587",WA,Gold
1974,"6,584",WA,Gold
1975,"7,105",WA,Gold
1976,"7,479",WA,Gold
1977,"10,747",WA,Gold
1978,"13,332",WA,Gold
1979,"11,582",WA,Gold
1980,"11,233",WA,Gold
1981,"11,724",WA,Gold
1982,"20,603",WA,Gold
1983,"23,919",WA,Gold
1984,"32,111",WA,Gold
1985,"41,196",WA,Gold
1986,"53,876",WA,Gold
1987,"78,438",WA,Gold
1988,"110,750",WA,Gold
1989,"146,610",WA,Gold
1990,"180,785",WA,Gold
1991,"179,436",WA,Gold
1992,"181,287",WA,Gold
1993,"167,363",WA,Gold
1994,"175,673",WA,Gold
1995,"173,725",WA,Gold
1996,"208,139",WA,Gold
1997,"228,492",WA,Gold
1998,"221,316",WA,Gold
1999,"201,122",WA,Gold
2000,"198,227",WA,Gold
2001,"196,589",WA,Gold
2002,"187,204",WA,Gold
2003,"186,882",WA,Gold
2004,"164,221",WA,Gold
2005,"173,094",WA,Gold
2006,"165,174",WA,Gold
2007,"155,516",WA,Gold
2008,"132,490",WA,Gold
2009,"152,018",WA,Gold
2010,"171,397",WA,Gold
2011,"170,991",WA,Gold
2012,"170,596",WA,Gold
2013,"179,001",WA,Gold
2014,"186,360",WA,Gold
2015,"187,694",WA,Gold
2016,"193,347",WA,Gold
2017,"201,148",WA,Gold
2018,"213,475",WA,Gold
2019,"218,340",WA,Gold
2020,"220,011",WA,Gold
2021,"217,647",WA,Gold
1851,5044,NT,Gold
1852,344912,NT,Gold
1853,684781,NT,Gold
1854,1024653,NT,Gold
1855,1364529,NT,Gold
1856,1704409,NT,Gold
1857,2044294,NT,Gold
1858,2384187,NT,Gold
1859,2724087,NT,Gold
1860,3063998,NT,Gold
1861,3064083,NT,Gold
1862,3064181,NT,Gold
1863,3064348,NT,Gold
1864,3064514,NT,Gold
1865,3064687,NT,Gold
1866,3064918,NT,Gold
1867,3065194,NT,Gold
1868,3065318,NT,Gold
1869,3065454,NT,Gold
1870,3065530,NT,Gold
1871,3065688,NT,Gold
1872,3065806,NT,Gold
1873,3066000,NT,Gold
1874,3066237,NT,Gold
1875,3066544,NT,Gold
1876,3066772,NT,Gold
1877,3067132,NT,Gold
1878,3067565,NT,Gold
1879,3067940,NT,Gold
1880,579,NT,Gold
1881,820,NT,Gold
1882,591,NT,Gold
1883,565,NT,Gold
1884,571,NT,Gold
1885,516,NT,Gold
1886,462,NT,Gold
1887,504,NT,Gold
1888,255,NT,Gold
1889,349,NT,Gold
1890,591,NT,Gold
1891,723,NT,Gold
1892,799,NT,Gold
1893,792,NT,Gold
1894,803,NT,Gold
1895,753,NT,Gold
1896,595,NT,Gold
1897,594,NT,Gold
1898,620,NT,Gold
1899,465,NT,Gold
1900,497,NT,Gold
1901,647,NT,Gold
1902,515,NT,Gold
1903,511,NT,Gold
1904,308,NT,Gold
1905,378,NT,Gold
1906,360,NT,Gold
1907,159,NT,Gold
1908,177,NT,Gold
1909,228,NT,Gold
1910,187,NT,Gold
1911,226,NT,Gold
1912,166,NT,Gold
1913,97.0,NT,Gold
1914,78.7,NT,Gold
1915,27.7,NT,Gold
1916,59.4,NT,Gold
1917,26.9,NT,Gold
1918,16.3,NT,Gold
1919,25.8,NT,Gold
1920,29.2,NT,Gold
1921,7.62,NT,Gold
1922,3.58,NT,Gold
1923,5.22,NT,Gold
1924,21.9,NT,Gold
1925,14.2,NT,Gold
1926,4.35,NT,Gold
1927,3.42,NT,Gold
1928,3.14,NT,Gold
1929,4.07,NT,Gold
1930,0.40,NT,Gold
1931,17.2,NT,Gold
1932,21.0,NT,Gold
1933,18.5,NT,Gold
1934,30.8,NT,Gold
1935,158,NT,Gold
1936,272,NT,Gold
1937,492,NT,Gold
1938,385,NT,Gold
1939,516,NT,Gold
1940,697,NT,Gold
1941,587,NT,Gold
1942,375,NT,Gold
1943,122,NT,Gold
1944,171,NT,Gold
1945,224,NT,Gold
1946,305,NT,Gold
1947,343,NT,Gold
1948,472,NT,Gold
1949,926,NT,Gold
1950,"1,090",NT,Gold
1951,"1,211",NT,Gold
1952,"1,396",NT,Gold
1953,"1,630",NT,Gold
1954,"1,690",NT,Gold
1955,"2,033",NT,Gold
1956,"2,346",NT,Gold
1957,"2,300",NT,Gold
1958,"2,258",NT,Gold
1959,"1,964",NT,Gold
1960,"2,247",NT,Gold
1961,"2,353",NT,Gold
1962,"2,159",NT,Gold
1963,"2,489",NT,Gold
1964,"2,524",NT,Gold
1965,"2,567",NT,Gold
1966,"2,617",NT,Gold
1967,"2,387",NT,Gold
1968,"3,938",NT,Gold
1969,"4,016",NT,Gold
1970,"3,865",NT,Gold
1971,"5,124",NT,Gold
1972,"8,032",NT,Gold
1973,"5,218",NT,Gold
1974,"5,316",NT,Gold
1975,"5,548",NT,Gold
1976,"4,619",NT,Gold
1977,"5,251",NT,Gold
1978,"3,876",NT,Gold
1979,"4,221",NT,Gold
1980,"3,191",NT,Gold
1981,"2,495",NT,Gold
1982,"3,322",NT,Gold
1983,"2,744",NT,Gold
1984,"2,993",NT,Gold
1985,"3,215",NT,Gold
1986,"5,296",NT,Gold
1987,"9,129",NT,Gold
1988,"11,970",NT,Gold
1989,"17,060",NT,Gold
1990,"19,042",NT,Gold
1991,"17,303",NT,Gold
1992,"18,640",NT,Gold
1993,"17,090",NT,Gold
1994,"17,423",NT,Gold
1995,"18,448",NT,Gold
1996,"21,325",NT,Gold
1997,"24,332",NT,Gold
1998,"20,391",NT,Gold
1999,"22,296",NT,Gold
2000,"23,147",NT,Gold
2001,"20,508",NT,Gold
2002,"18,027",NT,Gold
2003,"22,847",NT,Gold
2004,"22,271",NT,Gold
2005,"16,546",NT,Gold
2006,"14,026",NT,Gold
2007,"16,536",NT,Gold
2008,"14,301",NT,Gold
2009,"9,082",NT,Gold
2010,"10,320",NT,Gold
2011,"9,436",NT,Gold
2012,"9,263",NT,Gold
2013,"12,351",NT,Gold
2014,"13,149",NT,Gold
2015,"16,475",NT,Gold
2016,"16,765",NT,Gold
2017,"13,673",NT,Gold
2018,"15,427",NT,Gold
2019,"15,552",NT,Gold
2020,"15,421",NT,Gold
2021,"14,276",NT,Gold
1851,48261817.29,QLD,Coal
1852,48262164,QLD,Coal
1853,48262497.6,QLD,Coal
1854,48262953.81,QLD,Coal
1855,48263534.82,QLD,Coal
1856,48264237.72,QLD,Coal
1857,48265222.11,QLD,Coal
1858,48266295.29,QLD,Coal
1859,48267539.64,QLD,Coal
1860,12524.232,QLD,Coal
1861,14439.392,QLD,Coal
1862,24452.072,QLD,Coal
1863,24384,QLD,Coal
1864,25400,QLD,Coal
1865,33528,QLD,Coal
1866,39945.056,QLD,Coal
1867,18275.808,QLD,Coal
1868,19924.776,QLD,Coal
1869,11297.92,QLD,Coal
1870,23001.224,QLD,Coal
1871,17272,QLD,Coal
1872,28170.632,QLD,Coal
1873,34150.808,QLD,Coal
1874,44138.088,QLD,Coal
1875,32620.712,QLD,Coal
1876,51437.032,QLD,Coal
1877,61892.688,QLD,Coal
1878,53421.28,QLD,Coal
1879,55892.192,QLD,Coal
1880,58980.832,QLD,Coal
1881,66661.792,QLD,Coal
1882,75626.976,QLD,Coal
1883,106426,QLD,Coal
1884,122658.632,QLD,Coal
1885,213053.168,QLD,Coal
1886,232314.496,QLD,Coal
1887,242634.008,QLD,Coal
1888,316394.592,QLD,Coal
1889,269755.112,QLD,Coal
1890,343757.504,QLD,Coal
1891,275948.648,QLD,Coal
1892,269327.376,QLD,Coal
1893,268633.448,QLD,Coal
1894,275036.28,QLD,Coal
1895,328237.088,QLD,Coal
1896,377332.24,QLD,Coal
1897,364141.512,QLD,Coal
1898,414460.944,QLD,Coal
1899,501913.144,QLD,Coal
1900,505086.112,QLD,Coal
1901,548103.552,QLD,Coal
1902,509555.496,QLD,Coal
1903,515925.816,QLD,Coal
1904,520207.24,QLD,Coal
1905,537795.216,QLD,Coal
1906,616480.352,QLD,Coal
1907,694204.352,QLD,Coal
1908,707473.312,QLD,Coal
1909,768682.232,QLD,Coal
1910,885104.656,QLD,Coal
1911,905833.088,QLD,Coal
1912,916600.656,QLD,Coal
1913,1054551.104,QLD,Coal
1914,1070853.84,QLD,Coal
1915,1040661.368,QLD,Coal
1916,922250.632,QLD,Coal
1917,1065248.568,QLD,Coal
1918,998924.088,QLD,Coal
1919,946537.096,QLD,Coal
1920,1127671.608,QLD,Coal
1921,970039.208,QLD,Coal
1922,973855.304,QLD,Coal
1923,1077632.592,QLD,Coal
1924,1141086.872,QLD,Coal
1925,1196007.768,QLD,Coal
1926,1240595.944,QLD,Coal
1927,1116624.64,QLD,Coal
1928,1093561.44,QLD,Coal
1929,1390644.92,QLD,Coal
1930,1112190.816,QLD,Coal
1931,854768.928,QLD,Coal
1932,855178.376,QLD,Coal
1933,889576.072,QLD,Coal
1934,971862.928,QLD,Coal
1935,1068809.648,QLD,Coal
1936,1063629.064,QLD,Coal
1937,1138101.864,QLD,Coal
1938,1131240.816,QLD,Coal
1939,1338567.808,QLD,Coal
1940,1305893.248,QLD,Coal
1941,1477288.384,QLD,Coal
1942,1663342.368,QLD,Coal
1943,1726713.336,QLD,Coal
1944,1686229.8,QLD,Coal
1945,1660901.936,QLD,Coal
1946,1592600.32,QLD,Coal
1947,1913548.624,QLD,Coal
1948,1770274.336,QLD,Coal
1949,2001914.208,QLD,Coal
1950,2357931.784,QLD,Coal
1951,2513355.4,QLD,Coal
1952,2786111.776,QLD,Coal
1953,2557080.992,QLD,Coal
1954,2804982.96,QLD,Coal
1955,2791119.64,QLD,Coal
1956,2778413.544,QLD,Coal
1957,2744802.232,QLD,Coal
1958,2621658.968,QLD,Coal
1959,2635897.192,QLD,Coal
1960,2692513.792,QLD,Coal
1961,2826680.656,QLD,Coal
1962,2843622.456,QLD,Coal
1963,3296065.544,QLD,Coal
1964,3231288.432,QLD,Coal
1965,4220903.928,QLD,Coal
1966,4771628.76,QLD,Coal
1967,4850622.76,QLD,Coal
1968,6766765.232,QLD,Coal
1969,8672000,QLD,Coal
1970,10464000,QLD,Coal
1971,11455000,QLD,Coal
1972,17684000,QLD,Coal
1973,19977000,QLD,Coal
1974,28501000,QLD,Coal
1975,30476000,QLD,Coal
1976,35115000,QLD,Coal
1977,35005000,QLD,Coal
1978,34461000,QLD,Coal
1979,37508000,QLD,Coal
1980,37579000,QLD,Coal
1981,34682000,QLD,Coal
1982,36784000,QLD,Coal
1983,37128000,QLD,Coal
1984,50777000,QLD,Coal
1985,60976000,QLD,Coal
1986,66134000,QLD,Coal
1987,68492000,QLD,Coal
1988,87638764.31,QLD,Coal
1989,94874781.47,QLD,Coal
1990,97950214,QLD,Coal
1991,101158724,QLD,Coal
1992,112939364,QLD,Coal
1993,111135983,QLD,Coal
1994,115003309,QLD,Coal
1995,119983948,QLD,Coal
1996,123923528,QLD,Coal
1997,132734575,QLD,Coal
1998,139494400,QLD,Coal
1999,152703464,QLD,Coal
2000,159178418,QLD,Coal
2001,181006156,QLD,Coal
2002,192534125,QLD,Coal
2003,202998681.2,QLD,Coal
2004,212845233,QLD,Coal
2005,229340953,QLD,Coal
2006,227038796,QLD,Coal
2007,240516509,QLD,Coal
2008,240818855,QLD,Coal
2009,256061969.4,QLD,Coal
2010,264318438,QLD,Coal
2011,242534935,QLD,Coal
2012,256431460,QLD,Coal
2013,280102881,QLD,Coal
2014,298884083.4,QLD,Coal
2015,313628309,QLD,Coal
2016,308090814,QLD,Coal
2017,304713215,QLD,Coal
2018,319386436.6,QLD,Coal
2019,323724291.8,QLD,Coal
2020,282840552.1,QLD,Coal
2021,307886894.4,QLD,Coal
1851,16698.29058,QLD,Iron Ore
1852,16698.29058,QLD,Iron Ore
1853,16698.29058,QLD,Iron Ore
1854,16698.29058,QLD,Iron Ore
1855,16698.29058,QLD,Iron Ore
1856,16698.29058,QLD,Iron Ore
1857,16698.29058,QLD,Iron Ore
1858,16698.29058,QLD,Iron Ore
1859,16698.29058,QLD,Iron Ore
1860,16698.29058,QLD,Iron Ore
1861,16698.29058,QLD,Iron Ore
1862,16698.29058,QLD,Iron Ore
1863,16698.29058,QLD,Iron Ore
1864,16698.29058,QLD,Iron Ore
1865,16698.29058,QLD,Iron Ore
1866,16698.29058,QLD,Iron Ore
1867,16698.29058,QLD,Iron Ore
1868,16698.29058,QLD,Iron Ore
1869,16698.29058,QLD,Iron Ore
1870,16698.29058,QLD,Iron Ore
1871,16698.29058,QLD,Iron Ore
1872,16698.29058,QLD,Iron Ore
1873,16698.29058,QLD,Iron Ore
1874,16698.29058,QLD,Iron Ore
1875,16698.29058,QLD,Iron Ore
1876,16698.29058,QLD,Iron Ore
1877,16698.29058,QLD,Iron Ore
1878,16698.29058,QLD,Iron Ore
1879,16698.29058,QLD,Iron Ore
1880,16698.29058,QLD,Iron Ore
1881,16698.29058,QLD,Iron Ore
1882,16698.29058,QLD,Iron Ore
1883,16698.29058,QLD,Iron Ore
1884,16698.29058,QLD,Iron Ore
1885,16698.29058,QLD,Iron Ore
1886,16698.29058,QLD,Iron Ore
1887,16698.29058,QLD,Iron Ore
1888,16698.29058,QLD,Iron Ore
1889,16698.29058,QLD,Iron Ore
1890,16698.29058,QLD,Iron Ore
1891,16698.29058,QLD,Iron Ore
1892,16698.29058,QLD,Iron Ore
1893,16698.29058,QLD,Iron Ore
1894,16698.29058,QLD,Iron Ore
1895,16698.29058,QLD,Iron Ore
1896,16698.29058,QLD,Iron Ore
1897,16698.29058,QLD,Iron Ore
1898,16698.29058,QLD,Iron Ore
1899,16698.29058,QLD,Iron Ore
1900,16698.29058,QLD,Iron Ore
1901,436.88,QLD,Iron Ore
1902,440,QLD,Iron Ore
1903,9964.928,QLD,Iron Ore
1904,4501.896,QLD,Iron Ore
1905,4411.472,QLD,Iron Ore
1906,31903.416,QLD,Iron Ore
1907,36429.696,QLD,Iron Ore
1908,52419.504,QLD,Iron Ore
1909,49414.176,QLD,Iron Ore
1910,37732.208,QLD,Iron Ore
1911,20969.224,QLD,Iron Ore
1912,15774.416,QLD,Iron Ore
1913,41491.408,QLD,Iron Ore
1914,48859.44,QLD,Iron Ore
1915,46416.976,QLD,Iron Ore
1916,44867.576,QLD,Iron Ore
1917,25466.04,QLD,Iron Ore
1918,43466.512,QLD,Iron Ore
1919,25070.816,QLD,Iron Ore
1920,20024.344,QLD,Iron Ore
1921,4125.976,QLD,Iron Ore
1922,5000.0,QLD,Iron Ore
1923,203.2,QLD,Iron Ore
1924,250.6,QLD,Iron Ore
1925,350.52,QLD,Iron Ore
1926,4482.592,QLD,Iron Ore
1927,514.096,QLD,Iron Ore
1928,425,QLD,Iron Ore
1929,1255.776,QLD,Iron Ore
1930,2455.672,QLD,Iron Ore
1931,4628.896,QLD,Iron Ore
1932,8363.712,QLD,Iron Ore
1933,8689.848,QLD,Iron Ore
1934,3281.68,QLD,Iron Ore
1935,1136.904,QLD,Iron Ore
1936,2337.816,QLD,Iron Ore
1937,4550.664,QLD,Iron Ore
1938,5207,QLD,Iron Ore
1939,4003.04,QLD,Iron Ore
1940,2886.456,QLD,Iron Ore
1941,2348.992,QLD,Iron Ore
1942,3815.08,QLD,Iron Ore
1943,3094.736,QLD,Iron Ore
1944,2374.392,QLD,Iron Ore
1945,1742.44,QLD,Iron Ore
1946,1680.464,QLD,Iron Ore
1947,1363.472,QLD,Iron Ore
1948,1592.072,QLD,Iron Ore
1949,1492.504,QLD,Iron Ore
1950,1990.344,QLD,Iron Ore
1951,1628.648,QLD,Iron Ore
1952,1273.048,QLD,Iron Ore
1953,1062.736,QLD,Iron Ore
1954,164.592,QLD,Iron Ore
1955,938.784,QLD,Iron Ore
1956,4158.488,QLD,Iron Ore
1957,4341.368,QLD,Iron Ore
1958,1011.936,QLD,Iron Ore
1959,1344.168,QLD,Iron Ore
1960,1787.144,QLD,Iron Ore
1961,1773.936,QLD,Iron Ore
1962,2374.392,QLD,Iron Ore
1963,3118.104,QLD,Iron Ore
1964,3518.408,QLD,Iron Ore
1965,7475,QLD,Iron Ore
1966,1987,QLD,Iron Ore
1967,11263,QLD,Iron Ore
1968,17554,QLD,Iron Ore
1969,12786,QLD,Iron Ore
1970,22627,QLD,Iron Ore
1971,26314,QLD,Iron Ore
1972,42595,QLD,Iron Ore
1973,28127,QLD,Iron Ore
1974,27148,QLD,Iron Ore
1975,29117,QLD,Iron Ore
1976,28666,QLD,Iron Ore
1977,28237,QLD,Iron Ore
1978,32700,QLD,Iron Ore
1979,33663,QLD,Iron Ore
1980,26755,QLD,Iron Ore
1981,41160,QLD,Iron Ore
1982,,QLD,Iron Ore
1983,30861,QLD,Iron Ore
1984,36095,QLD,Iron Ore
1985,31503,QLD,Iron Ore
1986,32495,QLD,Iron Ore
1987,29716,QLD,Iron Ore
1988,32246,QLD,Iron Ore
1989,29387,QLD,Iron Ore
1990,,QLD,Iron Ore
1991,29143,QLD,Iron Ore
1992,34897,QLD,Iron Ore
1993,21046,QLD,Iron Ore
1994,37221,QLD,Iron Ore
1995,24551,QLD,Iron Ore
1996,28656,QLD,Iron Ore
1997,24909,QLD,Iron Ore
1998,23116,QLD,Iron Ore
1999,20840,QLD,Iron Ore
2000,29167.625,QLD,Iron Ore
2001,29061.78906,QLD,Iron Ore
2002,28622.21338,QLD,Iron Ore
2003,28442.16422,QLD,Iron Ore
2004,28188.86198,QLD,Iron Ore
2005,28093.41585,QLD,Iron Ore
2006,27833.87934,QLD,Iron Ore
2007,27736.8093,QLD,Iron Ore
2008,27736.8093,QLD,Iron Ore
2009,27654.0922,QLD,Iron Ore
2010,27228.0388,QLD,Iron Ore
2011,27591.68814,QLD,Iron Ore
2012,27025.25803,QLD,Iron Ore
2013,27170.80262,QLD,Iron Ore
2014,27083.43807,QLD,Iron Ore
2015,27211.34619,QLD,Iron Ore
2016,27452.24891,QLD,Iron Ore
2017,27841.20473,QLD,Iron Ore
2018,27763.18001,QLD,Iron Ore
2019,27686.79124,QLD,Iron Ore
2020,27631.76641,QLD,Iron Ore
2021,27584.09595,QLD,Iron Ore
1851,68691.76,NSW,Coal
1852,68482.464,NSW,Coal
1853,98357.944,NSW,Coal
1854,118508.272,NSW,Coal
1855,139269.216,NSW,Coal
1856,192999.36,NSW,Coal
1857,213800.944,NSW,Coal
1858,219859.352,NSW,Coal
1859,313144.408,NSW,Coal
1860,374763.792,NSW,Coal
1861,347540.072,NSW,Coal
1862,484146.352,NSW,Coal
1863,440831.224,NSW,Coal
1864,557796.192,NSW,Coal
1865,594893.4,NSW,Coal
1866,786625.808,NSW,Coal
1867,782332.192,NSW,Coal
1868,969498.696,NSW,Coal
1869,934490.384,NSW,Coal
1870,882461.024,NSW,Coal
1871,913164.544,NSW,Coal
1872,1028624.816,NSW,Coal
1873,1211947.792,NSW,Coal
1874,1325485.792,NSW,Coal
1875,1351004.664,NSW,Coal
1876,1341036.688,NSW,Coal
1877,1467379.336,NSW,Coal
1878,1600704.952,NSW,Coal
1879,1608715.096,NSW,Coal
1880,1489638.88,NSW,Coal
1881,1797910.552,NSW,Coal
1882,2143030.512,NSW,Coal
1883,2561800.312,NSW,Coal
1884,2793094.744,NSW,Coal
1885,2924924.808,NSW,Coal
1886,2875457.8,NSW,Coal
1887,2969256.952,NSW,Coal
1888,3254699.104,NSW,Coal
1889,3714122.112,NSW,Coal
1890,3109850.016,NSW,Coal
1891,4102535.864,NSW,Coal
1892,3841463.488,NSW,Coal
1893,3330781.248,NSW,Coal
1894,3730829.216,NSW,Coal
1895,3798406.424,NSW,Coal
1896,3972069.272,NSW,Coal
1897,4453728.456,NSW,Coal
1898,4781551.016,NSW,Coal
1899,4670580.448,NSW,Coal
1900,5595616.952,NSW,Coal
1901,6063920.816,NSW,Coal
1902,6037083.176,NSW,Coal
1903,6456523.536,NSW,Coal
1904,6116125.944,NSW,Coal
1905,6738252.208,NSW,Coal
1906,7748383.792,NSW,Coal
1907,8796450.784,NSW,Coal
1908,9293377.4,NSW,Coal
1909,7132197.064,NSW,Coal
1910,8304284.128,NSW,Coal
1911,8830669.664,NSW,Coal
1912,10043988.04,NSW,Coal
1913,10580791.64,NSW,Coal
1914,10556871.95,NSW,Coal
1915,9600192.128,NSW,Coal
1916,8257195.576,NSW,Coal
1917,8425552.872,NSW,Coal
1918,9208186.816,NSW,Coal
1919,8769658.864,NSW,Coal
1920,10887454.98,NSW,Coal
1921,10966081.19,NSW,Coal
1922,10346063.13,NSW,Coal
1923,10646169.21,NSW,Coal
1924,11804107.46,NSW,Coal
1925,11578538.18,NSW,Coal
1926,11059938.26,NSW,Coal
1927,11304131.82,NSW,Coal
1928,9599368.152,NSW,Coal
1929,7739619.776,NSW,Coal
1930,7206543.88,NSW,Coal
1931,6535300.112,NSW,Coal
1932,6892769.552,NSW,Coal
1933,7232331.992,NSW,Coal
1934,7999150.88,NSW,Coal
1935,8837756.264,NSW,Coal
1936,9346657.456,NSW,Coal
1937,10212343.3,NSW,Coal
1938,9724064.88,NSW,Coal
1939,11374965.31,NSW,Coal
1940,9702899.568,NSW,Coal
1941,11953949.17,NSW,Coal
1942,12401229.96,NSW,Coal
1943,11657074.98,NSW,Coal
1944,11279772.21,NSW,Coal
1945,10340174.39,NSW,Coal
1946,11366381.13,NSW,Coal
1947,11870052.97,NSW,Coal
1948,11908989.14,NSW,Coal
1949,10907875.57,NSW,Coal
1950,13002983.39,NSW,Coal
1951,13729455.9,NSW,Coal
1952,15262453.6,NSW,Coal
1953,14400612.3,NSW,Coal
1954,15324592.16,NSW,Coal
1955,14972179.35,NSW,Coal
1956,15047127.64,NSW,Coal
1957,15636479.78,NSW,Coal
1958,16104563.17,NSW,Coal
1959,15963839.04,NSW,Coal
1960,18020785.9,NSW,Coal
1961,19325137.88,NSW,Coal
1962,19612272.69,NSW,Coal
1963,19243249.3,NSW,Coal
1964,21030240.9,NSW,Coal
1965,24516080,NSW,Coal
1966,25877237.55,NSW,Coal
1967,27241995.81,NSW,Coal
1968,30834331.02,NSW,Coal
1969,33975000,NSW,Coal
1970,35900000,NSW,Coal
1971,34567000,NSW,Coal
1972,39176000,NSW,Coal
1973,37882000,NSW,Coal
1974,38694000,NSW,Coal
1975,40210000,NSW,Coal
1976,44744000,NSW,Coal
1977,47909000,NSW,Coal
1978,50679000,NSW,Coal
1979,50888000,NSW,Coal
1980,50720000,NSW,Coal
1981,60769000,NSW,Coal
1982,64876000,NSW,Coal
1983,66129000,NSW,Coal
1984,68323000,NSW,Coal
1985,75039000,NSW,Coal
1986,80310000,NSW,Coal
1987,83605000,NSW,Coal
1988,79787000,NSW,Coal
1989,90774106.15,NSW,Coal
1990,94022000,NSW,Coal
1991,97793100,NSW,Coal
1992,102475800,NSW,Coal
1993,104496587,NSW,Coal
1994,103900186,NSW,Coal
1995,110508619,NSW,Coal
1996,117382355,NSW,Coal
1997,128337900,NSW,Coal
1998,135817720,NSW,Coal
1999,130947606,NSW,Coal
2000,134996279,NSW,Coal
2001,143292568,NSW,Coal
2002,143579894,NSW,Coal
2003,144551600,NSW,Coal
2004,151081922,NSW,Coal
2005,158911520,NSW,Coal
2006,166426153,NSW,Coal
2007,171485888,NSW,Coal
2008,183400177,NSW,Coal
2009,185735000,NSW,Coal
2010,194383451,NSW,Coal
2011,212905917,NSW,Coal
2012,234904884,NSW,Coal
2013,251516282,NSW,Coal
2014,260454286,NSW,Coal
2015,246414782,NSW,Coal
2016,250296403,NSW,Coal
2017,245687883,NSW,Coal
2018,256211430,NSW,Coal
2019,258150072,NSW,Coal
2020,251821158,NSW,Coal
2021,242291797,NSW,Coal
1851,44416.50917,NSW,Iron Ore
1852,44030.90075,NSW,Iron Ore
1853,44030.90075,NSW,Iron Ore
1854,44030.90075,NSW,Iron Ore
1855,44030.90075,NSW,Iron Ore
1856,44030.90075,NSW,Iron Ore
1857,44030.90075,NSW,Iron Ore
1858,44030.90075,NSW,Iron Ore
1859,44030.90075,NSW,Iron Ore
1860,44030.90075,NSW,Iron Ore
1861,44030.90075,NSW,Iron Ore
1862,44030.90075,NSW,Iron Ore
1863,44030.90075,NSW,Iron Ore
1864,44030.90075,NSW,Iron Ore
1865,44030.90075,NSW,Iron Ore
1866,44030.90075,NSW,Iron Ore
1867,44030.90075,NSW,Iron Ore
1868,44030.90075,NSW,Iron Ore
1869,44030.90075,NSW,Iron Ore
1870,44030.90075,NSW,Iron Ore
1871,44030.90075,NSW,Iron Ore
1872,44030.90075,NSW,Iron Ore
1873,44030.90075,NSW,Iron Ore
1874,44030.90075,NSW,Iron Ore
1875,44030.90075,NSW,Iron Ore
1876,44030.90075,NSW,Iron Ore
1877,44030.90075,NSW,Iron Ore
1878,44030.90075,NSW,Iron Ore
1879,44030.90075,NSW,Iron Ore
1880,44030.90075,NSW,Iron Ore
1881,44030.90075,NSW,Iron Ore
1882,44030.90075,NSW,Iron Ore
1883,44030.90075,NSW,Iron Ore
1884,44030.90075,NSW,Iron Ore
1885,44030.90075,NSW,Iron Ore
1886,44030.90075,NSW,Iron Ore
1887,44030.90075,NSW,Iron Ore
1888,44030.90075,NSW,Iron Ore
1889,496.8748,NSW,Iron Ore
1890,462.5848,NSW,Iron Ore
1891,232.41,NSW,Iron Ore
1892,460.4004,NSW,Iron Ore
1893,1280.1092,NSW,Iron Ore
1894,439.8264,NSW,Iron Ore
1895,154.7876,NSW,Iron Ore
1896,381.4064,NSW,Iron Ore
1897,233.7308,NSW,Iron Ore
1898,398.2212,NSW,Iron Ore
1899,11092.0276,NSW,Iron Ore
1900,13674.852,NSW,Iron Ore
1901,4332.7828,NSW,Iron Ore
1902,13963.2436,NSW,Iron Ore
1903,23686.516,NSW,Iron Ore
1904,9221.216,NSW,Iron Ore
1905,7460.488,NSW,Iron Ore
1906,1543.304,NSW,Iron Ore
1907,47502.064,NSW,Iron Ore
1908,62097.92,NSW,Iron Ore
1909,56874.664,NSW,Iron Ore
1910,77037.184,NSW,Iron Ore
1911,61984.128,NSW,Iron Ore
1912,60980.32,NSW,Iron Ore
1913,75977.496,NSW,Iron Ore
1914,140675.36,NSW,Iron Ore
1915,139169.648,NSW,Iron Ore
1916,95620.84,NSW,Iron Ore
1917,99405.44,NSW,Iron Ore
1918,120542.304,NSW,Iron Ore
1919,149127.464,NSW,Iron Ore
1920,133066.536,NSW,Iron Ore
1921,181830.472,NSW,Iron Ore
1922,115146.328,NSW,Iron Ore
1923,181300.12,NSW,Iron Ore
1924,147785.328,NSW,Iron Ore
1925,162172.904,NSW,Iron Ore
1926,163075.112,NSW,Iron Ore
1927,188080.904,NSW,Iron Ore
1928,90285.824,NSW,Iron Ore
1929,11408.664,NSW,Iron Ore
1930,3860.8,NSW,Iron Ore
1931,3723.64,NSW,Iron Ore
1932,3114.04,NSW,Iron Ore
1933,5453.888,NSW,Iron Ore
1934,4280.408,NSW,Iron Ore
1935,12262.104,NSW,Iron Ore
1936,3495.04,NSW,Iron Ore
1937,677.672,NSW,Iron Ore
1938,109.728,NSW,Iron Ore
1939,59.944,NSW,Iron Ore
1940,221.488,NSW,Iron Ore
1941,206047.848,NSW,Iron Ore
1942,383769.616,NSW,Iron Ore
1943,467263.48,NSW,Iron Ore
1944,305166.776,NSW,Iron Ore
1945,95754.952,NSW,Iron Ore
1946,12887.96,NSW,Iron Ore
1947,9385.808,NSW,Iron Ore
1948,9579.864,NSW,Iron Ore
1949,10478.008,NSW,Iron Ore
1950,11926.824,NSW,Iron Ore
1951,11891.264,NSW,Iron Ore
1952,12512.04,NSW,Iron Ore
1953,5665.216,NSW,Iron Ore
1954,5304.536,NSW,Iron Ore
1955,3461.512,NSW,Iron Ore
1956,3583.432,NSW,Iron Ore
1957,2797.048,NSW,Iron Ore
1958,2983.992,NSW,Iron Ore
1959,5327.904,NSW,Iron Ore
1960,12926.568,NSW,Iron Ore
1961,20062.952,NSW,Iron Ore
1962,19821.144,NSW,Iron Ore
1963,15057.12,NSW,Iron Ore
1964,16910.304,NSW,Iron Ore
1965,25346.152,NSW,Iron Ore
1966,32151.32,NSW,Iron Ore
1967,24169.624,NSW,Iron Ore
1968,17423.384,NSW,Iron Ore
1969,5627.624,NSW,Iron Ore
1970,32982.408,NSW,Iron Ore
1971,26817.32,NSW,Iron Ore
1972,28154.376,NSW,Iron Ore
1973,35691,NSW,Iron Ore
1974,30993,NSW,Iron Ore
1975,25328,NSW,Iron Ore
1976,18405,NSW,Iron Ore
1977,11659,NSW,Iron Ore
1978,6319,NSW,Iron Ore
1979,2738,NSW,Iron Ore
1980,4397,NSW,Iron Ore
1981,7378,NSW,Iron Ore
1982,12523,NSW,Iron Ore
1983,22422,NSW,Iron Ore
1984,14384,NSW,Iron Ore
1985,6863,NSW,Iron Ore
1986,7279,NSW,Iron Ore
1987,9996,NSW,Iron Ore
1988,3901,NSW,Iron Ore
1989,8487,NSW,Iron Ore
1990,44416.50917,NSW,Iron Ore
1991,11676,NSW,Iron Ore
1992,12694,NSW,Iron Ore
1993,44416.50917,NSW,Iron Ore
1994,44416.50917,NSW,Iron Ore
1995,44416.50917,NSW,Iron Ore
1996,44416.50917,NSW,Iron Ore
1997,14053,NSW,Iron Ore
1998,11791,NSW,Iron Ore
1999,14073,NSW,Iron Ore
2000,5470,NSW,Iron Ore
2001,9329,NSW,Iron Ore
2002,3934,NSW,Iron Ore
2003,44416.50917,NSW,Iron Ore
2004,44416.50917,NSW,Iron Ore
2005,44416.50917,NSW,Iron Ore
2006,44416.50917,NSW,Iron Ore
2007,44416.50917,NSW,Iron Ore
2008,44416.50917,NSW,Iron Ore
2009,44416.50917,NSW,Iron Ore
2010,44416.50917,NSW,Iron Ore
2011,44416.50917,NSW,Iron Ore
2012,44416.50917,NSW,Iron Ore
2013,44416.50917,NSW,Iron Ore
2014,44416.50917,NSW,Iron Ore
2015,44416.50917,NSW,Iron Ore
2016,44416.50917,NSW,Iron Ore
2017,44416.50917,NSW,Iron Ore
2018,44416.50917,NSW,Iron Ore
2019,44416.50917,NSW,Iron Ore
2020,44416.50917,NSW,Iron Ore
2021,44416.50917,NSW,Iron Ore
1851,48261817.29,VIC,Coal
1852,48261817.29,VIC,Coal
1853,48261817.29,VIC,Coal
1854,48261817.29,VIC,Coal
1855,48261817.29,VIC,Coal
1856,48261817.29,VIC,Coal
1857,48261817.29,VIC,Coal
1858,48261817.29,VIC,Coal
1859,48261817.29,VIC,Coal
1860,12524.232,VIC,Coal
1861,14439.392,VIC,Coal
1862,24452.072,VIC,Coal
1863,24384,VIC,Coal
1864,25400,VIC,Coal
1865,33528,VIC,Coal
1866,39945.056,VIC,Coal
1867,18275.808,VIC,Coal
1868,19924.776,VIC,Coal
1869,11297.92,VIC,Coal
1870,23001.224,VIC,Coal
1871,17272,VIC,Coal
1872,28170.632,VIC,Coal
1873,34150.808,VIC,Coal
1874,44138.088,VIC,Coal
1875,32620.712,VIC,Coal
1876,51437.032,VIC,Coal
1877,61892.688,VIC,Coal
1878,53421.28,VIC,Coal
1879,55892.192,VIC,Coal
1880,58980.832,VIC,Coal
1881,66661.792,VIC,Coal
1882,75626.976,VIC,Coal
1883,106426,VIC,Coal
1884,122658.632,VIC,Coal
1885,213053.168,VIC,Coal
1886,232314.496,VIC,Coal
1887,242634.008,VIC,Coal
1888,316394.592,VIC,Coal
1889,269755.112,VIC,Coal
1890,343757.504,VIC,Coal
1891,275948.648,VIC,Coal
1892,269327.376,VIC,Coal
1893,268633.448,VIC,Coal
1894,275036.28,VIC,Coal
1895,328237.088,VIC,Coal
1896,377332.24,VIC,Coal
1897,364141.512,VIC,Coal
1898,414460.944,VIC,Coal
1899,501913.144,VIC,Coal
1900,505086.112,VIC,Coal
1901,548103.552,VIC,Coal
1902,509555.496,VIC,Coal
1903,515925.816,VIC,Coal
1904,520207.24,VIC,Coal
1905,537795.216,VIC,Coal
1906,616480.352,VIC,Coal
1907,694204.352,VIC,Coal
1908,707473.312,VIC,Coal
1909,768682.232,VIC,Coal
1910,885104.656,VIC,Coal
1911,905833.088,VIC,Coal
1912,916600.656,VIC,Coal
1913,1054551.104,VIC,Coal
1914,1070853.84,VIC,Coal
1915,1040661.368,VIC,Coal
1916,922250.632,VIC,Coal
1917,1065248.568,VIC,Coal
1918,998924.088,VIC,Coal
1919,946537.096,VIC,Coal
1920,1127671.608,VIC,Coal
1921,970039.208,VIC,Coal
1922,973855.304,VIC,Coal
1923,1077632.592,VIC,Coal
1924,1141086.872,VIC,Coal
1925,1196007.768,VIC,Coal
1926,1240595.944,VIC,Coal
1927,1116624.64,VIC,Coal
1928,1093561.44,VIC,Coal
1929,1390644.92,VIC,Coal
1930,1112190.816,VIC,Coal
1931,854768.928,VIC,Coal
1932,855178.376,VIC,Coal
1933,889576.072,VIC,Coal
1934,971862.928,VIC,Coal
1935,1068809.648,VIC,Coal
1936,1063629.064,VIC,Coal
1937,1138101.864,VIC,Coal
1938,1131240.816,VIC,Coal
1939,1338567.808,VIC,Coal
1940,1305893.248,VIC,Coal
1941,1477288.384,VIC,Coal
1942,1663342.368,VIC,Coal
1943,1726713.336,VIC,Coal
1944,1686229.8,VIC,Coal
1945,1660901.936,VIC,Coal
1946,1592600.32,VIC,Coal
1947,1913548.624,VIC,Coal
1948,1770274.336,VIC,Coal
1949,2001914.208,VIC,Coal
1950,2357931.784,VIC,Coal
1951,2513355.4,VIC,Coal
1952,2786111.776,VIC,Coal
1953,2557080.992,VIC,Coal
1954,2804982.96,VIC,Coal
1955,2791119.64,VIC,Coal
1956,2778413.544,VIC,Coal
1957,2744802.232,VIC,Coal
1958,2621658.968,VIC,Coal
1959,2635897.192,VIC,Coal
1960,2692513.792,VIC,Coal
1961,2826680.656,VIC,Coal
1962,2843622.456,VIC,Coal
1963,3296065.544,VIC,Coal
1964,3231288.432,VIC,Coal
1965,4220903.928,VIC,Coal
1966,4771628.76,VIC,Coal
1967,4850622.76,VIC,Coal
1968,6766765.232,VIC,Coal
1969,8672000,VIC,Coal
1970,10464000,VIC,Coal
1971,11455000,VIC,Coal
1972,17684000,VIC,Coal
1973,19977000,VIC,Coal
1974,28501000,VIC,Coal
1975,30476000,VIC,Coal
1976,35115000,VIC,Coal
1977,35005000,VIC,Coal
1978,34461000,VIC,Coal
1979,37508000,VIC,Coal
1980,37579000,VIC,Coal
1981,34682000,VIC,Coal
1982,36784000,VIC,Coal
1983,37128000,VIC,Coal
1984,50777000,VIC,Coal
1985,60976000,VIC,Coal
1986,66134000,VIC,Coal
1987,68492000,VIC,Coal
1988,87638764.31,VIC,Coal
1989,94874781.47,VIC,Coal
1990,97950214,VIC,Coal
1991,101158724,VIC,Coal
1992,112939364,VIC,Coal
1993,111135983,VIC,Coal
1994,115003309,VIC,Coal
1995,119983948,VIC,Coal
1996,123923528,VIC,Coal
1997,132734575,VIC,Coal
1998,139494400,VIC,Coal
1999,152703464,VIC,Coal
2000,159178418,VIC,Coal
2001,181006156,VIC,Coal
2002,192534125,VIC,Coal
2003,202998681.2,VIC,Coal
2004,212845233,VIC,Coal
2005,229340953,VIC,Coal
2006,227038796,VIC,Coal
2007,240516509,VIC,Coal
2008,240818855,VIC,Coal
2009,256061969.4,VIC,Coal
2010,264318438,VIC,Coal
2011,242534935,VIC,Coal
2012,256431460,VIC,Coal
2013,280102881,VIC,Coal
2014,298884083.4,VIC,Coal
2015,313628309,VIC,Coal
2016,308090814,VIC,Coal
2017,304713215,VIC,Coal
2018,319386436.6,VIC,Coal
2019,323724291.8,VIC,Coal
2020,282840552.1,VIC,Coal
2021,307886894.4,VIC,Coal
1851,26854.76686,VIC,Iron Ore
1852,28175.6612,VIC,Iron Ore
1853,27694.9408,VIC,Iron Ore
1854,27693.9756,VIC,Iron Ore
1855,27499.1068,VIC,Iron Ore
1856,27267.30105,VIC,Iron Ore
1857,25416.04211,VIC,Iron Ore
1858,22786.36674,VIC,Iron Ore
1859,20429.24674,VIC,Iron Ore
1860,18883.53642,VIC,Iron Ore
1861,18237.25347,VIC,Iron Ore
1862,17579.74105,VIC,Iron Ore
1863,15455.81979,VIC,Iron Ore
1864,13007.31326,VIC,Iron Ore
1865,10803.82316,VIC,Iron Ore
1866,30741.39422,VIC,Iron Ore
1867,32284.89412,VIC,Iron Ore
1868,32037.34871,VIC,Iron Ore
1869,32045.7195,VIC,Iron Ore
1870,29790.771,VIC,Iron Ore
1871,26794.714,VIC,Iron Ore
1872,23738.459,VIC,Iron Ore
1873,22805.5424,VIC,Iron Ore
1874,21491.31253,VIC,Iron Ore
1875,20603.39627,VIC,Iron Ore
1876,18145.89547,VIC,Iron Ore
1877,15446.18027,VIC,Iron Ore
1878,12931.0384,VIC,Iron Ore
1879,16370.30749,VIC,Iron Ore
1880,16611.57472,VIC,Iron Ore
1881,16828.62919,VIC,Iron Ore
1882,17031.00617,VIC,Iron Ore
1883,17287.92362,VIC,Iron Ore
1884,17544.00823,VIC,Iron Ore
1885,17505.20231,VIC,Iron Ore
1886,17419.08026,VIC,Iron Ore
1887,17156.61387,VIC,Iron Ore
1888,16939.82032,VIC,Iron Ore
1889,16845.79754,VIC,Iron Ore
1890,16926.69073,VIC,Iron Ore
1891,17061.58627,VIC,Iron Ore
1892,16921.00035,VIC,Iron Ore
1893,16701.42116,VIC,Iron Ore
1894,16505.90605,VIC,Iron Ore
1895,16326.30913,VIC,Iron Ore
1896,16352.45947,VIC,Iron Ore
1897,16186.55569,VIC,Iron Ore
1898,16212.97903,VIC,Iron Ore
1899,16296.3888,VIC,Iron Ore
1900,16544.25588,VIC,Iron Ore
1901,436.88,VIC,Iron Ore
1902,436.88,VIC,Iron Ore
1903,9964.928,VIC,Iron Ore
1904,4501.896,VIC,Iron Ore
1905,4411.472,VIC,Iron Ore
1906,31903.416,VIC,Iron Ore
1907,36429.696,VIC,Iron Ore
1908,52419.504,VIC,Iron Ore
1909,49414.176,VIC,Iron Ore
1910,37732.208,VIC,Iron Ore
1911,20969.224,VIC,Iron Ore
1912,15774.416,VIC,Iron Ore
1913,41491.408,VIC,Iron Ore
1914,48859.44,VIC,Iron Ore
1915,46416.976,VIC,Iron Ore
1916,44867.576,VIC,Iron Ore
1917,25466.04,VIC,Iron Ore
1918,43466.512,VIC,Iron Ore
1919,25070.816,VIC,Iron Ore
1920,20024.344,VIC,Iron Ore
1921,4125.976,VIC,Iron Ore
1922,,VIC,Iron Ore
1923,203.2,VIC,Iron Ore
1924,,VIC,Iron Ore
1925,350.52,VIC,Iron Ore
1926,4482.592,VIC,Iron Ore
1927,514.096,VIC,Iron Ore
1928,,VIC,Iron Ore
1929,1255.776,VIC,Iron Ore
1930,2455.672,VIC,Iron Ore
1931,4628.896,VIC,Iron Ore
1932,8363.712,VIC,Iron Ore
1933,8689.848,VIC,Iron Ore
1934,3281.68,VIC,Iron Ore
1935,1136.904,VIC,Iron Ore
1936,2337.816,VIC,Iron Ore
1937,4550.664,VIC,Iron Ore
1938,5207,VIC,Iron Ore
1939,4003.04,VIC,Iron Ore
1940,2886.456,VIC,Iron Ore
1941,2348.992,VIC,Iron Ore
1942,3815.08,VIC,Iron Ore
1943,3094.736,VIC,Iron Ore
1944,2374.392,VIC,Iron Ore
1945,1742.44,VIC,Iron Ore
1946,1680.464,VIC,Iron Ore
1947,1363.472,VIC,Iron Ore
1948,1592.072,VIC,Iron Ore
1949,1492.504,VIC,Iron Ore
1950,1990.344,VIC,Iron Ore
1951,1628.648,VIC,Iron Ore
1952,1273.048,VIC,Iron Ore
1953,1062.736,VIC,Iron Ore
1954,164.592,VIC,Iron Ore
1955,938.784,VIC,Iron Ore
1956,4158.488,VIC,Iron Ore
1957,4341.368,VIC,Iron Ore
1958,1011.936,VIC,Iron Ore
1959,1344.168,VIC,Iron Ore
1960,1787.144,VIC,Iron Ore
1961,1773.936,VIC,Iron Ore
1962,2374.392,VIC,Iron Ore
1963,3118.104,VIC,Iron Ore
1964,3518.408,VIC,Iron Ore
1965,7475,VIC,Iron Ore
1966,1987,VIC,Iron Ore
1967,11263,VIC,Iron Ore
1968,17554,VIC,Iron Ore
1969,12786,VIC,Iron Ore
1970,22627,VIC,Iron Ore
1971,26314,VIC,Iron Ore
1972,42595,VIC,Iron Ore
1973,28127,VIC,Iron Ore
1974,27148,VIC,Iron Ore
1975,29117,VIC,Iron Ore
1976,28666,VIC,Iron Ore
1977,28237,VIC,Iron Ore
1978,32700,VIC,Iron Ore
1979,33663,VIC,Iron Ore
1980,26755,VIC,Iron Ore
1981,41160,VIC,Iron Ore
1982,45456,VIC,Iron Ore
1983,30861,VIC,Iron Ore
1984,36095,VIC,Iron Ore
1985,31503,VIC,Iron Ore
1986,32495,VIC,Iron Ore
1987,29716,VIC,Iron Ore
1988,32246,VIC,Iron Ore
1989,29387,VIC,Iron Ore
1990,29387,VIC,Iron Ore
1991,29143,VIC,Iron Ore
1992,34897,VIC,Iron Ore
1993,21046,VIC,Iron Ore
1994,37221,VIC,Iron Ore
1995,24551,VIC,Iron Ore
1996,28656,VIC,Iron Ore
1997,24909,VIC,Iron Ore
1998,23116,VIC,Iron Ore
1999,20840,VIC,Iron Ore
2000,28988.36364,VIC,Iron Ore
2001,28652.13636,VIC,Iron Ore
2002,28483.42562,VIC,Iron Ore
2003,28255.65909,VIC,Iron Ore
2004,28334.22389,VIC,Iron Ore
2005,27747.66294,VIC,Iron Ore
2006,29035.58221,VIC,Iron Ore
2007,28894.06689,VIC,Iron Ore
2008,28573.18426,VIC,Iron Ore
2009,28454.59639,VIC,Iron Ore
2010,28276.33204,VIC,Iron Ore
2011,28218.99551,VIC,Iron Ore
2012,28038.55606,VIC,Iron Ore
2013,27985.46495,VIC,Iron Ore
2014,27924.17204,VIC,Iron Ore
2015,27871.55681,VIC,Iron Ore
2016,27554.61009,VIC,Iron Ore
2017,27864.86267,VIC,Iron Ore
2018,27425.48131,VIC,Iron Ore
2019,27576.11143,VIC,Iron Ore
2020,27520.17876,VIC,Iron Ore
2021,27641.4111,VIC,Iron Ore
1851,19846.97444,TAS,Coal
1852,14451.203,TAS,Coal
1853,7783,TAS,Coal
1854,8000,TAS,Coal
1855,8000,TAS,Coal
1856,8000,TAS,Coal
1857,8000,TAS,Coal
1858,8000,TAS,Coal
1859,8000,TAS,Coal
1860,8000,TAS,Coal
1861,163099.3304,TAS,Coal
1862,165961.5423,TAS,Coal
1863,169721.1329,TAS,Coal
1864,173441.4422,TAS,Coal
1865,177270.8859,TAS,Coal
1866,180825.8185,TAS,Coal
1867,8474.456,TAS,Coal
1868,9198.864,TAS,Coal
1869,10420.096,TAS,Coal
1870,9942.576,TAS,Coal
1871,9679.432,TAS,Coal
1872,8271.256,TAS,Coal
1873,10309.352,TAS,Coal
1874,9424.416,TAS,Coal
1875,7842.504,TAS,Coal
1876,6197.6,TAS,Coal
1877,9621.52,TAS,Coal
1878,12507.976,TAS,Coal
1879,9666.224,TAS,Coal
1880,12414.504,TAS,Coal
1881,11341.608,TAS,Coal
1882,8943.848,TAS,Coal
1883,9013.952,TAS,Coal
1884,7309.104,TAS,Coal
1885,6760.464,TAS,Coal
1886,10557.256,TAS,Coal
1887,28075.128,TAS,Coal
1888,42242.232,TAS,Coal
1889,37287.2,TAS,Coal
1890,51327.304,TAS,Coal
1891,43948.096,TAS,Coal
1892,36584.128,TAS,Coal
1893,35248.088,TAS,Coal
1894,30986.984,TAS,Coal
1895,33221.168,TAS,Coal
1896,42574.464,TAS,Coal
1897,42871.136,TAS,Coal
1898,48440.848,TAS,Coal
1899,43290.744,TAS,Coal
1900,51443.128,TAS,Coal
1901,46165.008,TAS,Coal
1902,49644.808,TAS,Coal
1903,49854.104,TAS,Coal
1904,62086.744,TAS,Coal
1905,52824.888,TAS,Coal
1906,53742.336,TAS,Coal
1907,59833.256,TAS,Coal
1908,62045.088,TAS,Coal
1909,67220.592,TAS,Coal
1910,83764.12,TAS,Coal
1911,57980.072,TAS,Coal
1912,54416.96,TAS,Coal
1913,55923.688,TAS,Coal
1914,61766.704,TAS,Coal
1915,65568.576,TAS,Coal
1916,56464.2,TAS,Coal
1917,64426.592,TAS,Coal
1918,61125.608,TAS,Coal
1919,67313.048,TAS,Coal
1920,76635.864,TAS,Coal
1921,67539.616,TAS,Coal
1922,70345.808,TAS,Coal
1923,82009.488,TAS,Coal
1924,77203.808,TAS,Coal
1925,83005.168,TAS,Coal
1926,103995.728,TAS,Coal
1927,113848.896,TAS,Coal
1928,130556,TAS,Coal
1929,132375.656,TAS,Coal
1930,140935.456,TAS,Coal
1931,125809.248,TAS,Coal
1932,113642.648,TAS,Coal
1933,118438.168,TAS,Coal
1934,115451.128,TAS,Coal
1935,125693.424,TAS,Coal
1936,134380.224,TAS,Coal
1937,92578.936,TAS,Coal
1938,85093.048,TAS,Coal
1939,100982.272,TAS,Coal
1940,84466.176,TAS,Coal
1941,111469.424,TAS,Coal
1942,136593.072,TAS,Coal
1943,148216.112,TAS,Coal
1944,145939.256,TAS,Coal
1945,151462.232,TAS,Coal
1946,161291.016,TAS,Coal
1947,169814.24,TAS,Coal
1948,182263.288,TAS,Coal
1949,184523.888,TAS,Coal
1950,225908.616,TAS,Coal
1951,240678.208,TAS,Coal
1952,251865.384,TAS,Coal
1953,237367.064,TAS,Coal
1954,268429.232,TAS,Coal
1955,304008.536,TAS,Coal
1956,303492.408,TAS,Coal
1957,272430.24,TAS,Coal
1958,280688.288,TAS,Coal
1959,304157.888,TAS,Coal
1960,302432.72,TAS,Coal
1961,259921.248,TAS,Coal
1962,276699.472,TAS,Coal
1963,210598.512,TAS,Coal
1964,153579.576,TAS,Coal
1965,104096.312,TAS,Coal
1966,83986.624,TAS,Coal
1967,77765.656,TAS,Coal
1968,92384.88,TAS,Coal
1969,117787.928,TAS,Coal
1970,114000,TAS,Coal
1971,124000,TAS,Coal
1972,132000,TAS,Coal
1973,115000,TAS,Coal
1974,127000,TAS,Coal
1975,162000,TAS,Coal
1976,189000,TAS,Coal
1977,199000,TAS,Coal
1978,224000,TAS,Coal
1979,237000,TAS,Coal
1980,234000,TAS,Coal
1981,346000,TAS,Coal
1982,515000,TAS,Coal
1983,473000,TAS,Coal
1984,458000,TAS,Coal
1985,526000,TAS,Coal
1986,555000,TAS,Coal
1987,621000,TAS,Coal
1988,648000,TAS,Coal
1989,589943,TAS,Coal
1990,612000,TAS,Coal
1991,553000,TAS,Coal
1992,509000,TAS,Coal
1993,523500,TAS,Coal
1994,592500,TAS,Coal
1995,598000,TAS,Coal
1996,569000,TAS,Coal
1997,567000,TAS,Coal
1998,576000,TAS,Coal
1999,561500,TAS,Coal
2000,508500,TAS,Coal
2001,504000,TAS,Coal
2002,519736.1111,TAS,Coal
2003,482748.6111,TAS,Coal
2004,510335.4167,TAS,Coal
2005,565579.8611,TAS,Coal
2006,570441.6667,TAS,Coal
2007,585340.2778,TAS,Coal
2008,569929.8611,TAS,Coal
2009,525413.8889,TAS,Coal
2010,523139.5833,TAS,Coal
2011,475652.7778,TAS,Coal
2012,461419.4444,TAS,Coal
2013,500533.3333,TAS,Coal
2014,500533.3333,TAS,Coal
2015,500533.3333,TAS,Coal
2016,500533.3333,TAS,Coal
2017,500533.3333,TAS,Coal
2018,500533.3333,TAS,Coal
2019,500533.3333,TAS,Coal
2020,500533.3333,TAS,Coal
2021,500533.3333,TAS,Coal
1851,957013.311,TAS,Iron Ore
1852,3977.386,TAS,Iron Ore
1853,2662.889818,TAS,Iron Ore
1854,2893.845091,TAS,Iron Ore
1855,3052.525818,TAS,Iron Ore
1856,3156.342545,TAS,Iron Ore
1857,3290.962545,TAS,Iron Ore
1858,3385.219636,TAS,Iron Ore
1859,3479.476727,TAS,Iron Ore
1860,3573.733818,TAS,Iron Ore
1861,3667.990909,TAS,Iron Ore
1862,3762.248,TAS,Iron Ore
1863,3945.774545,TAS,Iron Ore
1864,94575.56073,TAS,Iron Ore
1865,183136.4476,TAS,Iron Ore
1866,282756.8178,TAS,Iron Ore
1867,389595.6662,TAS,Iron Ore
1868,499218.9953,TAS,Iron Ore
1869,598184.9135,TAS,Iron Ore
1870,691598.3575,TAS,Iron Ore
1871,792576.4447,TAS,Iron Ore
1872,885272.476,TAS,Iron Ore
1873,980146.296,TAS,Iron Ore
1874,1080425.051,TAS,Iron Ore
1875,1177137.13,TAS,Iron Ore
1876,1278448.812,TAS,Iron Ore
1877,1373469.132,TAS,Iron Ore
1878,1474680.68,TAS,Iron Ore
1879,1566401.257,TAS,Iron Ore
1880,1679115.415,TAS,Iron Ore
1881,1778465.936,TAS,Iron Ore
1882,1862861.911,TAS,Iron Ore
1883,1977877.183,TAS,Iron Ore
1884,2091122.023,TAS,Iron Ore
1885,2187282.589,TAS,Iron Ore
1886,2158591.79,TAS,Iron Ore
1887,2135321.581,TAS,Iron Ore
1888,2107910.205,TAS,Iron Ore
1889,2072504.978,TAS,Iron Ore
1890,2040165.933,TAS,Iron Ore
1891,2019035.66,TAS,Iron Ore
1892,1933777.205,TAS,Iron Ore
1893,2008787.342,TAS,Iron Ore
1894,2027340.205,TAS,Iron Ore
1895,2034288.959,TAS,Iron Ore
1896,2033790.209,TAS,Iron Ore
1897,2042606.602,TAS,Iron Ore
1898,2052556.892,TAS,Iron Ore
1899,2061305.357,TAS,Iron Ore
1900,2066987.531,TAS,Iron Ore
1901,621.792,TAS,Iron Ore
1902,2424.176,TAS,Iron Ore
1903,6075.68,TAS,Iron Ore
1904,6949.44,TAS,Iron Ore
1905,6400.8,TAS,Iron Ore
1906,2641.6,TAS,Iron Ore
1907,3048,TAS,Iron Ore
1908,3657.6,TAS,Iron Ore
1909,3657.6,TAS,Iron Ore
1910,3657.6,TAS,Iron Ore
1911,3657.6,TAS,Iron Ore
1912,3657.6,TAS,Iron Ore
1913,3657.6,TAS,Iron Ore
1914,3657.6,TAS,Iron Ore
1915,3657.6,TAS,Iron Ore
1916,3657.6,TAS,Iron Ore
1917,3657.6,TAS,Iron Ore
1918,3657.6,TAS,Iron Ore
1919,3657.6,TAS,Iron Ore
1920,3657.6,TAS,Iron Ore
1921,3657.6,TAS,Iron Ore
1922,3657.6,TAS,Iron Ore
1923,3657.6,TAS,Iron Ore
1924,3657.6,TAS,Iron Ore
1925,3657.6,TAS,Iron Ore
1926,3657.6,TAS,Iron Ore
1927,3657.6,TAS,Iron Ore
1928,3657.6,TAS,Iron Ore
1929,3657.6,TAS,Iron Ore
1930,3657.6,TAS,Iron Ore
1931,3657.6,TAS,Iron Ore
1932,3657.6,TAS,Iron Ore
1933,3657.6,TAS,Iron Ore
1934,3657.6,TAS,Iron Ore
1935,3657.6,TAS,Iron Ore
1936,3657.6,TAS,Iron Ore
1937,61.976,TAS,Iron Ore
1938,61.976,TAS,Iron Ore
1939,61.976,TAS,Iron Ore
1940,1185.672,TAS,Iron Ore
1941,2214.88,TAS,Iron Ore
1942,2214.88,TAS,Iron Ore
1943,2214.88,TAS,Iron Ore
1944,2214.88,TAS,Iron Ore
1945,2214.88,TAS,Iron Ore
1946,250.952,TAS,Iron Ore
1947,399.288,TAS,Iron Ore
1948,323.088,TAS,Iron Ore
1949,1531.112,TAS,Iron Ore
1950,1545.336,TAS,Iron Ore
1951,3286.76,TAS,Iron Ore
1952,4749.8,TAS,Iron Ore
1953,4904.232,TAS,Iron Ore
1954,6482.08,TAS,Iron Ore
1955,6687.312,TAS,Iron Ore
1956,5775.96,TAS,Iron Ore
1957,5867.4,TAS,Iron Ore
1958,4334.256,TAS,Iron Ore
1959,5142.992,TAS,Iron Ore
1960,3552.952,TAS,Iron Ore
1961,2345.944,TAS,Iron Ore
1962,4147.312,TAS,Iron Ore
1963,4288.536,TAS,Iron Ore
1964,4288.536,TAS,Iron Ore
1965,4288.536,TAS,Iron Ore
1966,4288.536,TAS,Iron Ore
1967,4288.536,TAS,Iron Ore
1968,4288.536,TAS,Iron Ore
1969,1994254.584,TAS,Iron Ore
1970,1948662.6,TAS,Iron Ore
1971,2193179.256,TAS,Iron Ore
1972,2352000,TAS,Iron Ore
1973,2415000,TAS,Iron Ore
1974,2182000,TAS,Iron Ore
1975,2060000,TAS,Iron Ore
1976,2228000,TAS,Iron Ore
1977,2046000,TAS,Iron Ore
1978,2093000,TAS,Iron Ore
1979,2212000,TAS,Iron Ore
1980,2132000,TAS,Iron Ore
1981,2234000,TAS,Iron Ore
1982,2094000,TAS,Iron Ore
1983,2229000,TAS,Iron Ore
1984,2022000,TAS,Iron Ore
1985,2484000,TAS,Iron Ore
1986,2190000,TAS,Iron Ore
1987,1861000,TAS,Iron Ore
1988,2534624.521,TAS,Iron Ore
1989,2495675,TAS,Iron Ore
1990,2119821,TAS,Iron Ore
1991,1363057,TAS,Iron Ore
1992,1436718,TAS,Iron Ore
1993,1590129,TAS,Iron Ore
1994,1573085,TAS,Iron Ore
1995,1703541,TAS,Iron Ore
1996,1717134,TAS,Iron Ore
1997,184314,TAS,Iron Ore
1998,3878223,TAS,Iron Ore
1999,2454163,TAS,Iron Ore
2000,2245872.567,TAS,Iron Ore
2001,2201027.509,TAS,Iron Ore
2002,2325960.639,TAS,Iron Ore
2003,2452906.383,TAS,Iron Ore
2004,2286466.239,TAS,Iron Ore
2005,2354007.829,TAS,Iron Ore
2006,1823196.695,TAS,Iron Ore
2007,2554362.292,TAS,Iron Ore
2008,2624125.258,TAS,Iron Ore
2009,2483356.529,TAS,Iron Ore
2010,2397946.069,TAS,Iron Ore
2011,2151031.858,TAS,Iron Ore
2012,2179543.329,TAS,Iron Ore
2013,2126235.729,TAS,Iron Ore
2014,2723714.255,TAS,Iron Ore
2015,2923207.568,TAS,Iron Ore
2016,2606630.423,TAS,Iron Ore
2017,2060284.876,TAS,Iron Ore
2018,1396107.426,TAS,Iron Ore
2019,2251172.121,TAS,Iron Ore
2020,2553304.338,TAS,Iron Ore
2021,2823833.859,TAS,Iron Ore
1851,1680393.536,SA,Coal
1852,1702699.664,SA,Coal
1853,1706805.142,SA,Coal
1854,1711009.165,SA,Coal
1855,1715213.187,SA,Coal
1856,1719417.21,SA,Coal
1857,1723621.233,SA,Coal
1858,1727825.255,SA,Coal
1859,1732029.278,SA,Coal
1860,1736233.3,SA,Coal
1861,1740437.323,SA,Coal
1862,1762847.189,SA,Coal
1863,1780410.37,SA,Coal
1864,1797753.624,SA,Coal
1865,1815096.877,SA,Coal
1866,1832440.131,SA,Coal
1867,1849783.385,SA,Coal
1868,1867126.639,SA,Coal
1869,1884469.892,SA,Coal
1870,1901813.146,SA,Coal
1871,1919156.4,SA,Coal
1872,1936499.653,SA,Coal
1873,1953842.907,SA,Coal
1874,1971186.161,SA,Coal
1875,1988529.415,SA,Coal
1876,2005872.668,SA,Coal
1877,2023215.922,SA,Coal
1878,2040559.176,SA,Coal
1879,2057902.43,SA,Coal
1880,2075245.683,SA,Coal
1881,2092588.937,SA,Coal
1882,2109932.191,SA,Coal
1883,2127275.445,SA,Coal
1884,2144618.698,SA,Coal
1885,2161961.952,SA,Coal
1886,2179305.206,SA,Coal
1887,2201706.793,SA,Coal
1888,2224108.38,SA,Coal
1889,2246218.685,SA,Coal
1890,2268268.63,SA,Coal
1891,2289488.035,SA,Coal
1892,2310195.986,SA,Coal
1893,2330496.538,SA,Coal
1894,2349867.901,SA,Coal
1895,2369975.21,SA,Coal
1896,2388960.802,SA,Coal
1897,2407688.171,SA,Coal
1898,2426142.077,SA,Coal
1899,2421798.915,SA,Coal
1900,2418256.6,SA,Coal
1901,2415049.106,SA,Coal
1902,2410710.548,SA,Coal
1903,2405284.772,SA,Coal
1904,2400364.266,SA,Coal
1905,2393771.142,SA,Coal
1906,2385044.214,SA,Coal
1907,12654.28,SA,Coal
1908,2105728.914,SA,Coal
1909,2094396.328,SA,Coal
1910,2094396.328,SA,Coal
1911,2094396.328,SA,Coal
1912,2094396.328,SA,Coal
1913,2094396.328,SA,Coal
1914,2094396.328,SA,Coal
1915,2094396.328,SA,Coal
1916,2094396.328,SA,Coal
1917,724.408,SA,Coal
1918,558093.0849,SA,Coal
1919,583384.7524,SA,Coal
1920,583384.7524,SA,Coal
1921,583384.7524,SA,Coal
1922,583384.7524,SA,Coal
1923,583384.7524,SA,Coal
1924,583384.7524,SA,Coal
1925,583384.7524,SA,Coal
1926,583384.7524,SA,Coal
1927,583384.7524,SA,Coal
1928,583384.7524,SA,Coal
1929,583384.7524,SA,Coal
1930,583384.7524,SA,Coal
1931,583384.7524,SA,Coal
1932,583384.7524,SA,Coal
1933,583384.7524,SA,Coal
1934,583384.7524,SA,Coal
1935,583384.7524,SA,Coal
1936,583384.7524,SA,Coal
1937,583384.7524,SA,Coal
1938,583384.7524,SA,Coal
1939,583384.7524,SA,Coal
1940,583384.7524,SA,Coal
1941,583384.7524,SA,Coal
1942,1676.4,SA,Coal
1943,1676.4,SA,Coal
1944,35173.92,SA,Coal
1945,42115.232,SA,Coal
1946,137627.36,SA,Coal
1947,196444.616,SA,Coal
1948,243295.424,SA,Coal
1949,350152.208,SA,Coal
1950,265518.392,SA,Coal
1951,394515.848,SA,Coal
1952,424211.496,SA,Coal
1953,455659.744,SA,Coal
1954,503027.696,SA,Coal
1955,462571.592,SA,Coal
1956,489166.408,SA,Coal
1957,618655.608,SA,Coal
1958,767102.352,SA,Coal
1959,701419.984,SA,Coal
1960,898976.104,SA,Coal
1961,1132998.496,SA,Coal
1962,1414358.36,SA,Coal
1963,1535906.504,SA,Coal
1964,1763890.808,SA,Coal
1965,2047915.64,SA,Coal
1966,2053019.008,SA,Coal
1967,2077253.656,SA,Coal
1968,2111517.24,SA,Coal
1969,2245838.536,SA,Coal
1970,1856000,SA,Coal
1971,1492000,SA,Coal
1972,1602000,SA,Coal
1973,1510000,SA,Coal
1974,1671000,SA,Coal
1975,1759000,SA,Coal
1976,1872000,SA,Coal
1977,1960000,SA,Coal
1978,1585000,SA,Coal
1979,1674000,SA,Coal
1980,1719000,SA,Coal
1981,1577000,SA,Coal
1982,1464000,SA,Coal
1983,1380000,SA,Coal
1984,1325000,SA,Coal
1985,2041000,SA,Coal
1986,2368000,SA,Coal
1987,2521000,SA,Coal
1988,2534000,SA,Coal
1989,2930781,SA,Coal
1990,2694000,SA,Coal
1991,2568000,SA,Coal
1992,2760500,SA,Coal
1993,2738500,SA,Coal
1994,2865500,SA,Coal
1995,2743000,SA,Coal
1996,2520500,SA,Coal
1997,2645500,SA,Coal
1998,2747900,SA,Coal
1999,2836400,SA,Coal
2000,3139000,SA,Coal
2001,2989000,SA,Coal
2002,3556000,SA,Coal
2003,4030000,SA,Coal
2004,4010000,SA,Coal
2005,4499998.75,SA,Coal
2006,4485113.75,SA,Coal
2007,5021266.25,SA,Coal
2008,4513167.5,SA,Coal
2009,4731315,SA,Coal
2010,4667732.5,SA,Coal
2011,4279036.25,SA,Coal
2012,3234192.5,SA,Coal
2013,2259757.5,SA,Coal
2014,3082477.5,SA,Coal
2015,2910342.5,SA,Coal
2016,2910342.5,SA,Coal
2017,2910342.5,SA,Coal
2018,2910342.5,SA,Coal
2019,2910342.5,SA,Coal
2020,5000,SA,Coal
2021,8000,SA,Coal
1851,926476.1354,SA,Iron Ore
1852,972799.6881,SA,Iron Ore
1853,972799.6881,SA,Iron Ore
1854,1024370.823,SA,Iron Ore
1855,1020796.806,SA,Iron Ore
1856,1017309.813,SA,Iron Ore
1857,1085129.112,SA,Iron Ore
1858,1076588.688,SA,Iron Ore
1859,1051289.622,SA,Iron Ore
1860,5.08,SA,Iron Ore
1861,9.144,SA,Iron Ore
1862,1017309.813,SA,Iron Ore
1863,1085129.112,SA,Iron Ore
1864,1076588.688,SA,Iron Ore
1865,20.32,SA,Iron Ore
1866,1204695.055,SA,Iron Ore
1867,1405476.548,SA,Iron Ore
1868,1686541.886,SA,Iron Ore
1869,1405476.548,SA,Iron Ore
1870,937034.3186,SA,Iron Ore
1871,149.86,SA,Iron Ore
1872,2.032,SA,Iron Ore
1873,1204695.055,SA,Iron Ore
1874,6.096,SA,Iron Ore
1875,149.86,SA,Iron Ore
1876,2810803.236,SA,Iron Ore
1877,2810803.236,SA,Iron Ore
1878,2810803.236,SA,Iron Ore
1879,297.688,SA,Iron Ore
1880,2.032,SA,Iron Ore
1881,2754.376,SA,Iron Ore
1882,10273.411,SA,Iron Ore
1883,16829.786,SA,Iron Ore
1884,23915.41233,SA,Iron Ore
1885,30554.35144,SA,Iron Ore
1886,39670.11511,SA,Iron Ore
1887,50251.88211,SA,Iron Ore
1888,56167.28811,SA,Iron Ore
1889,4467.352,SA,Iron Ore
1890,4030.472,SA,Iron Ore
1891,6907.784,SA,Iron Ore
1892,4250.944,SA,Iron Ore
1893,3098.8,SA,Iron Ore
1894,1589.024,SA,Iron Ore
1895,1636.776,SA,Iron Ore
1896,110.744,SA,Iron Ore
1897,410.464,SA,Iron Ore
1898,64182.752,SA,Iron Ore
1899,59358.784,SA,Iron Ore
1900,60935.95467,SA,Iron Ore
1901,56210.31289,SA,Iron Ore
1902,74515.13333,SA,Iron Ore
1903,86290.912,SA,Iron Ore
1904,47433.992,SA,Iron Ore
1905,85834.728,SA,Iron Ore
1906,76429.616,SA,Iron Ore
1907,85953.6,SA,Iron Ore
1908,89408,SA,Iron Ore
1909,16377.92,SA,Iron Ore
1910,46939.2,SA,Iron Ore
1911,42976.8,SA,Iron Ore
1912,42875.2,SA,Iron Ore
1913,61628.528,SA,Iron Ore
1914,43303.952,SA,Iron Ore
1915,241173,SA,Iron Ore
1916,191342.264,SA,Iron Ore
1917,333640.176,SA,Iron Ore
1918,261141.464,SA,Iron Ore
1919,272826.48,SA,Iron Ore
1920,419646.608,SA,Iron Ore
1921,515104.888,SA,Iron Ore
1922,52245.768,SA,Iron Ore
1923,390584.944,SA,Iron Ore
1924,589592.928,SA,Iron Ore
1925,596038.432,SA,Iron Ore
1926,593084.92,SA,Iron Ore
1927,733983.8,SA,Iron Ore
1928,628209.056,SA,Iron Ore
1929,861378.008,SA,Iron Ore
1930,943246.272,SA,Iron Ore
1931,293805.864,SA,Iron Ore
1932,546534.848,SA,Iron Ore
1933,732723.96,SA,Iron Ore
1934,1264142.76,SA,Iron Ore
1935,1898618.504,SA,Iron Ore
1936,1917494.768,SA,Iron Ore
1937,1896276.624,SA,Iron Ore
1938,2281291.856,SA,Iron Ore
1939,2795787.144,SA,Iron Ore
1940,2350368.68,SA,Iron Ore
1941,2276233.192,SA,Iron Ore
1942,2156004.832,SA,Iron Ore
1943,2217756.296,SA,Iron Ore
1944,2061708.856,SA,Iron Ore
1945,1543907.504,SA,Iron Ore
1946,1847307.456,SA,Iron Ore
1947,2179857.464,SA,Iron Ore
1948,2067383.216,SA,Iron Ore
1949,1470894.696,SA,Iron Ore
1950,2387421.184,SA,Iron Ore
1951,2438986.232,SA,Iron Ore
1952,2726909.456,SA,Iron Ore
1953,2632796.36,SA,Iron Ore
1954,2912932.96,SA,Iron Ore
1955,3092682.664,SA,Iron Ore
1956,3644488.52,SA,Iron Ore
1957,3443464.792,SA,Iron Ore
1958,3406237.536,SA,Iron Ore
1959,3477980.344,SA,Iron Ore
1960,3491586.616,SA,Iron Ore
1961,4055204.488,SA,Iron Ore
1962,3566429.24,SA,Iron Ore
1963,4310219.472,SA,Iron Ore
1964,4436954.296,SA,Iron Ore
1965,4462612.36,SA,Iron Ore
1966,4875507.648,SA,Iron Ore
1967,4645100.184,SA,Iron Ore
1968,5565748.584,SA,Iron Ore
1969,7041731.408,SA,Iron Ore
1970,7705356.192,SA,Iron Ore
1971,6866228.584,SA,Iron Ore
1972,6327469,SA,Iron Ore
1973,6579628,SA,Iron Ore
1974,5468306,SA,Iron Ore
1975,5301012,SA,Iron Ore
1976,4090316,SA,Iron Ore
1977,2692861,SA,Iron Ore
1978,2376380,SA,Iron Ore
1979,2627898,SA,Iron Ore
1980,2498386,SA,Iron Ore
1981,2455944,SA,Iron Ore
1982,1765379,SA,Iron Ore
1983,1505931,SA,Iron Ore
1984,1752957,SA,Iron Ore
1985,1726304,SA,Iron Ore
1986,1976949,SA,Iron Ore
1987,1995043,SA,Iron Ore
1988,2062504,SA,Iron Ore
1989,2520399,SA,Iron Ore
1990,2417000,SA,Iron Ore
1991,2141000,SA,Iron Ore
1992,2531000,SA,Iron Ore
1993,2828000,SA,Iron Ore
1994,2931000,SA,Iron Ore
1995,2558000,SA,Iron Ore
1996,2515000,SA,Iron Ore
1997,2579000,SA,Iron Ore
1998,2931000,SA,Iron Ore
1999,3005333.333,SA,Iron Ore
2000,2763000,SA,Iron Ore
2001,3009780.804,SA,Iron Ore
2002,3290216.961,SA,Iron Ore
2003,2689088.912,SA,Iron Ore
2004,3475249.451,SA,Iron Ore
2005,3490231.256,SA,Iron Ore
2006,3972451.628,SA,Iron Ore
2007,6538269,SA,Iron Ore
2008,7711703,SA,Iron Ore
2009,7322987,SA,Iron Ore
2010,9197017,SA,Iron Ore
2011,10192493,SA,Iron Ore
2012,10719749,SA,Iron Ore
2013,11317000,SA,Iron Ore
2014,11272000,SA,Iron Ore
2015,9122000,SA,Iron Ore
2016,8929706.4,SA,Iron Ore
2017,6000000,SA,Iron Ore
2018,6000000,SA,Iron Ore
2019,5750000,SA,Iron Ore
2020,5750000,SA,Iron Ore
2021,5750000,SA,Iron Ore
1851,2577858.933,WA,Coal
1852,2577858.933,WA,Coal
1853,2577858.933,WA,Coal
1854,2577858.933,WA,Coal
1855,2577858.933,WA,Coal
1856,2577858.933,WA,Coal
1857,2577858.933,WA,Coal
1858,2577858.933,WA,Coal
1859,2577858.933,WA,Coal
1860,2577858.933,WA,Coal
1861,2577858.933,WA,Coal
1862,2577858.933,WA,Coal
1863,2577858.933,WA,Coal
1864,2577858.933,WA,Coal
1865,2577858.933,WA,Coal
1866,2577858.933,WA,Coal
1867,2577858.933,WA,Coal
1868,2577858.933,WA,Coal
1869,2577858.933,WA,Coal
1870,2577858.933,WA,Coal
1871,2577858.933,WA,Coal
1872,2577858.933,WA,Coal
1873,2577858.933,WA,Coal
1874,2577858.933,WA,Coal
1875,2577858.933,WA,Coal
1876,2577858.933,WA,Coal
1877,2577858.933,WA,Coal
1878,2577858.933,WA,Coal
1879,2577858.933,WA,Coal
1880,2577858.933,WA,Coal
1881,2577858.933,WA,Coal
1882,2577858.933,WA,Coal
1883,2577858.933,WA,Coal
1884,2577858.933,WA,Coal
1885,2577858.933,WA,Coal
1886,2577858.933,WA,Coal
1887,2577858.933,WA,Coal
1888,2577858.933,WA,Coal
1889,2577858.933,WA,Coal
1890,2577858.933,WA,Coal
1891,2577858.933,WA,Coal
1892,2577858.933,WA,Coal
1893,2577858.933,WA,Coal
1894,2577858.933,WA,Coal
1895,2577858.933,WA,Coal
1896,2577858.933,WA,Coal
1897,2577858.933,WA,Coal
1898,3564.128,WA,Coal
1899,55205.376,WA,Coal
1900,120304.56,WA,Coal
1901,119721.376,WA,Coal
1902,143138.144,WA,Coal
1903,135561.832,WA,Coal
1904,140766.8,WA,Coal
1905,129401.824,WA,Coal
1906,152151.08,WA,Coal
1907,144650.968,WA,Coal
1908,178051.968,WA,Coal
1909,217730.832,WA,Coal
1910,266360.656,WA,Coal
1911,253897.384,WA,Coal
1912,299800.264,WA,Coal
1913,318839.088,WA,Coal
1914,324317.36,WA,Coal
1915,291252.656,WA,Coal
1916,306350.416,WA,Coal
1917,331774.8,WA,Coal
1918,342431.624,WA,Coal
1919,408140.408,WA,Coal
1920,469413.336,WA,Coal
1921,476318.072,WA,Coal
1922,445458.088,WA,Coal
1923,427445.424,WA,Coal
1924,428613.824,WA,Coal
1925,444460.376,WA,Coal
1926,482416.104,WA,Coal
1927,509529.08,WA,Coal
1928,536874.72,WA,Coal
1929,553434.504,WA,Coal
1930,509447.8,WA,Coal
1931,439318.4,WA,Coal
1932,422370.504,WA,Coal
1933,465733.384,WA,Coal
1934,508348.488,WA,Coal
1935,545783.008,WA,Coal
1936,574116.2,WA,Coal
1937,562366.16,WA,Coal
1938,614468.672,WA,Coal
1939,566455.56,WA,Coal
1940,548057.832,WA,Coal
1941,565479.184,WA,Coal
1942,590474.816,WA,Coal
1943,540050.736,WA,Coal
1944,567255.152,WA,Coal
1945,552056.808,WA,Coal
1946,652563.592,WA,Coal
1947,742194.096,WA,Coal
1948,744665.008,WA,Coal
1949,762603.504,WA,Coal
1950,827381.632,WA,Coal
1951,862050.6,WA,Coal
1952,843748.376,WA,Coal
1953,900360.912,WA,Coal
1954,1034636.488,WA,Coal
1955,918252.672,WA,Coal
1956,843287.112,WA,Coal
1957,852079.576,WA,Coal
1958,884816.112,WA,Coal
1959,926017.96,WA,Coal
1960,937151.288,WA,Coal
1961,777991.84,WA,Coal
1962,933817.792,WA,Coal
1963,916934.92,WA,Coal
1964,1003218.72,WA,Coal
1965,1009640.856,WA,Coal
1966,1078072.52,WA,Coal
1967,1079145.416,WA,Coal
1968,1104777.064,WA,Coal
1969,1107978.48,WA,Coal
1970,1217000,WA,Coal
1971,1190000,WA,Coal
1972,1168000,WA,Coal
1973,1171000,WA,Coal
1974,1146000,WA,Coal
1975,2114000,WA,Coal
1976,2269000,WA,Coal
1977,2358000,WA,Coal
1978,2404000,WA,Coal
1979,2735000,WA,Coal
1980,3154000,WA,Coal
1981,3247000,WA,Coal
1982,3719000,WA,Coal
1983,3935000,WA,Coal
1984,3686000,WA,Coal
1985,3769000,WA,Coal
1986,3831000,WA,Coal
1987,3721000,WA,Coal
1988,3789743,WA,Coal
1989,3830472,WA,Coal
1990,4940000,WA,Coal
1991,5128500,WA,Coal
1992,5436000,WA,Coal
1993,5274000,WA,Coal
1994,5488500,WA,Coal
1995,5897500,WA,Coal
1996,5782000,WA,Coal
1997,5695500,WA,Coal
1998,5769500,WA,Coal
1999,6184500,WA,Coal
2000,6410500,WA,Coal
2001,6219000,WA,Coal
2002,6978107.927,WA,Coal
2003,7501949.39,WA,Coal
2004,7475609.756,WA,Coal
2005,7920731.707,WA,Coal
2006,7760747.561,WA,Coal
2007,7468934.159,WA,Coal
2008,8055265.317,WA,Coal
2009,8348297.024,WA,Coal
2010,8503935.018,WA,Coal
2011,8671273.573,WA,Coal
2012,8829703.494,WA,Coal
2013,8453829.561,WA,Coal
2014,7879917.073,WA,Coal
2015,8470462.366,WA,Coal
2016,8217704.148,WA,Coal
2017,8310567.293,WA,Coal
2018,7884146.341,WA,Coal
2019,7607092.683,WA,Coal
2020,6758410.976,WA,Coal
2021,6105560.976,WA,Coal
1851,4521.2,WA,Iron Ore
1852,905210.9185,WA,Iron Ore
1853,1990992.971,WA,Iron Ore
1854,3296645.604,WA,Iron Ore
1855,4749782.234,WA,Iron Ore
1856,6338649.679,WA,Iron Ore
1857,8066489.859,WA,Iron Ore
1858,9895497.003,WA,Iron Ore
1859,11939935.54,WA,Iron Ore
1860,14215790.63,WA,Iron Ore
1861,16678487.23,WA,Iron Ore
1862,19335179.65,WA,Iron Ore
1863,22177371.26,WA,Iron Ore
1864,6405249.862,WA,Iron Ore
1865,4521.2,WA,Iron Ore
1866,4521.2,WA,Iron Ore
1867,4521.2,WA,Iron Ore
1868,4521.2,WA,Iron Ore
1869,4521.2,WA,Iron Ore
1870,4521.2,WA,Iron Ore
1871,4521.2,WA,Iron Ore
1872,4521.2,WA,Iron Ore
1873,4521.2,WA,Iron Ore
1874,4521.2,WA,Iron Ore
1875,4521.2,WA,Iron Ore
1876,4521.2,WA,Iron Ore
1877,4521.2,WA,Iron Ore
1878,4521.2,WA,Iron Ore
1879,4521.2,WA,Iron Ore
1880,4521.2,WA,Iron Ore
1881,4521.2,WA,Iron Ore
1882,4521.2,WA,Iron Ore
1883,4521.2,WA,Iron Ore
1884,4521.2,WA,Iron Ore
1885,4521.2,WA,Iron Ore
1886,4521.2,WA,Iron Ore
1887,4521.2,WA,Iron Ore
1888,4521.2,WA,Iron Ore
1889,4521.2,WA,Iron Ore
1890,4521.2,WA,Iron Ore
1891,4521.2,WA,Iron Ore
1892,4521.2,WA,Iron Ore
1893,4521.2,WA,Iron Ore
1894,4521.2,WA,Iron Ore
1895,4521.2,WA,Iron Ore
1896,4521.2,WA,Iron Ore
1897,4521.2,WA,Iron Ore
1898,101.6,WA,Iron Ore
1899,13057.632,WA,Iron Ore
1900,12447.016,WA,Iron Ore
1901,20898.104,WA,Iron Ore
1902,4876.8,WA,Iron Ore
1903,223.52,WA,Iron Ore
1904,1464.056,WA,Iron Ore
1905,3264.408,WA,Iron Ore
1906,1300.48,WA,Iron Ore
1907,1111.504,WA,Iron Ore
1908,10.16,WA,Iron Ore
1909,10.16,WA,Iron Ore
1910,10.16,WA,Iron Ore
1911,11709067.94,WA,Iron Ore
1912,14128224.32,WA,Iron Ore
1913,16985931.24,WA,Iron Ore
1914,18911674.3,WA,Iron Ore
1915,20660153.58,WA,Iron Ore
1916,22462145.85,WA,Iron Ore
1917,23778556.93,WA,Iron Ore
1918,26580965.4,WA,Iron Ore
1919,29587416.67,WA,Iron Ore
1920,32016167.31,WA,Iron Ore
1921,34537011.58,WA,Iron Ore
1922,36948501.08,WA,Iron Ore
1923,39848901.95,WA,Iron Ore
1924,42687887.66,WA,Iron Ore
1925,45292850.63,WA,Iron Ore
1926,47995446.2,WA,Iron Ore
1927,51153387.92,WA,Iron Ore
1928,54569125.82,WA,Iron Ore
1929,57963704.52,WA,Iron Ore
1930,61616106.32,WA,Iron Ore
1931,65060165.42,WA,Iron Ore
1932,68764042.16,WA,Iron Ore
1933,72728801.25,WA,Iron Ore
1934,77158568.3,WA,Iron Ore
1935,86209553.67,WA,Iron Ore
1936,90448800.37,WA,Iron Ore
1937,95068448.05,WA,Iron Ore
1938,99804631.85,WA,Iron Ore
1939,104421462.5,WA,Iron Ore
1940,104019672.6,WA,Iron Ore
1941,108183395.5,WA,Iron Ore
1942,152.4,WA,Iron Ore
1943,85.344,WA,Iron Ore
1944,30591965.05,WA,Iron Ore
1945,32734142.35,WA,Iron Ore
1946,35323239.6,WA,Iron Ore
1947,37856256.62,WA,Iron Ore
1948,7337.552,WA,Iron Ore
1949,12724.384,WA,Iron Ore
1950,15133.32,WA,Iron Ore
1951,36222.432,WA,Iron Ore
1952,227368.608,WA,Iron Ore
1953,718701.128,WA,Iron Ore
1954,662171.904,WA,Iron Ore
1955,537088.08,WA,Iron Ore
1956,342280.24,WA,Iron Ore
1957,422895.776,WA,Iron Ore
1958,582094.848,WA,Iron Ore
1959,738717.344,WA,Iron Ore
1960,943318.408,WA,Iron Ore
1961,1381300.768,WA,Iron Ore
1962,1453644.032,WA,Iron Ore
1963,1354468.208,WA,Iron Ore
1964,1379438.44,WA,Iron Ore
1965,2350448.944,WA,Iron Ore
1966,6203802.68,WA,Iron Ore
1967,12355273.23,WA,Iron Ore
1968,19128834.49,WA,Iron Ore
1969,28617000,WA,Iron Ore
1970,40326000,WA,Iron Ore
1971,51897000,WA,Iron Ore
1972,54782000,WA,Iron Ore
1973,74994000,WA,Iron Ore
1974,88589000,WA,Iron Ore
1975,90290000,WA,Iron Ore
1976,86937000,WA,Iron Ore
1977,91185000,WA,Iron Ore
1978,78665000,WA,Iron Ore
1979,86882000,WA,Iron Ore
1980,93212714,WA,Iron Ore
1981,75306403,WA,Iron Ore
1982,78182395,WA,Iron Ore
1983,74983543,WA,Iron Ore
1984,90631128,WA,Iron Ore
1985,88670729,WA,Iron Ore
1986,81290940,WA,Iron Ore
1987,84122743,WA,Iron Ore
1988,98319089,WA,Iron Ore
1989,106469970,WA,Iron Ore
1990,105970657,WA,Iron Ore
1991,114167774,WA,Iron Ore
1992,108147133,WA,Iron Ore
1993,116273823,WA,Iron Ore
1994,124262000,WA,Iron Ore
1995,138702217,WA,Iron Ore
1996,147905471.9,WA,Iron Ore
1997,153523141.5,WA,Iron Ore
1998,153921489.4,WA,Iron Ore
1999,146098943.6,WA,Iron Ore
2000,164803646.9,WA,Iron Ore
2001,175422899.7,WA,Iron Ore
2002,180972411,WA,Iron Ore
2003,207144423.5,WA,Iron Ore
2004,227439089.3,WA,Iron Ore
2005,255252927.5,WA,Iron Ore
2006,268372682.6,WA,Iron Ore
2007,288943358.3,WA,Iron Ore
2008,328920680.3,WA,Iron Ore
2009,377941900,WA,Iron Ore
2010,418921450.3,WA,Iron Ore
2011,462795803.1,WA,Iron Ore
2012,504507035.6,WA,Iron Ore
2013,593336461.8,WA,Iron Ore
2014,724186529.4,WA,Iron Ore
2015,797836555.2,WA,Iron Ore
2016,846489297.3,WA,Iron Ore
2017,876807170.2,WA,Iron Ore
2018,896454386.1,WA,Iron Ore
2019,909044407.1,WA,Iron Ore
2020,909759918.3,WA,Iron Ore
2021,911085189.5,WA,Iron Ore
1851,2577858.933,NT,Coal
1852,2577858.933,NT,Coal
1853,2577858.933,NT,Coal
1854,2577858.933,NT,Coal
1855,2577858.933,NT,Coal
1856,2577858.933,NT,Coal
1857,2577858.933,NT,Coal
1858,2426429.827,NT,Coal
1859,2278038.441,NT,Coal
1860,2133476.419,NT,Coal
1861,1988880.092,NT,Coal
1862,1845661.222,NT,Coal
1863,1701996.687,NT,Coal
1864,1558638.326,NT,Coal
1865,1414611.437,NT,Coal
1866,1271922.74,NT,Coal
1867,1128792.86,NT,Coal
1868,987627.7442,NT,Coal
1869,848796.6795,NT,Coal
1870,712826.1926,NT,Coal
1871,576122.5721,NT,Coal
1872,442119.121,NT,Coal
1873,309235.6007,NT,Coal
1874,176674.3318,NT,Coal
1875,193597.1864,NT,Coal
1876,208370.424,NT,Coal
1877,220809.8499,NT,Coal
1878,233910.4527,NT,Coal
1879,249498.8212,NT,Coal
1880,269137.1449,NT,Coal
1881,288875.4551,NT,Coal
1882,307467,NT,Coal
1883,323660.7849,NT,Coal
1884,340364.4824,NT,Coal
1885,356035.5652,NT,Coal
1886,371605.2871,NT,Coal
1887,385909.312,NT,Coal
1888,402555.0376,NT,Coal
1889,417474.6988,NT,Coal
1890,428686.976,NT,Coal
1891,435451.7431,NT,Coal
1892,443164.5576,NT,Coal
1893,452540.0264,NT,Coal
1894,462926.7139,NT,Coal
1895,474888.56,NT,Coal
1896,484651.8419,NT,Coal
1897,490119.6551,NT,Coal
1898,498246.1609,NT,Coal
1899,505363.6593,NT,Coal
1900,512458.5068,NT,Coal
1901,520509.4104,NT,Coal
1902,529098.4951,NT,Coal
1903,532488.7675,NT,Coal
1904,535884.4188,NT,Coal
1905,536777.4828,NT,Coal
1906,542608.6056,NT,Coal
1907,556299.5642,NT,Coal
1908,574261.1294,NT,Coal
1909,594274.8353,NT,Coal
1910,615548.2616,NT,Coal
1911,636354.2682,NT,Coal
1912,653881.6428,NT,Coal
1913,673072.5082,NT,Coal
1914,700853.1158,NT,Coal
1915,718722.7628,NT,Coal
1916,735006.9718,NT,Coal
1917,752890.6038,NT,Coal
1918,771675.1289,NT,Coal
1919,791412.9609,NT,Coal
1920,814771.8169,NT,Coal
1921,827168.0927,NT,Coal
1922,849624.6212,NT,Coal
1923,865175.8758,NT,Coal
1924,880530.2654,NT,Coal
1925,896117.08,NT,Coal
1926,914674.0809,NT,Coal
1927,929483.7153,NT,Coal
1928,943761.7426,NT,Coal
1929,959304.6899,NT,Coal
1930,977930.5186,NT,Coal
1931,987069.5487,NT,Coal
1932,1001760.568,NT,Coal
1933,1021037.797,NT,Coal
1934,1038327.233,NT,Coal
1935,1110632.168,NT,Coal
1936,1189631.112,NT,Coal
1937,1273210.448,NT,Coal
1938,1368857.986,NT,Coal
1939,1474809.881,NT,Coal
1940,1606401.944,NT,Coal
1941,1738389.079,NT,Coal
1942,1897763.146,NT,Coal
1943,2065817.704,NT,Coal
1944,2219162.091,NT,Coal
1945,2375881.087,NT,Coal
1946,2536058.824,NT,Coal
1947,2683352.941,NT,Coal
1948,2836279,NT,Coal
1949,2992895,NT,Coal
1950,3214600.882,NT,Coal
1951,3448865.588,NT,Coal
1952,3644277.353,NT,Coal
1953,3821042.059,NT,Coal
1954,4005189.118,NT,Coal
1955,4210689.118,NT,Coal
1956,4389924.412,NT,Coal
1957,4539424.412,NT,Coal
1958,4687806.765,NT,Coal
1959,4832836.176,NT,Coal
1960,4978453.824,NT,Coal
1961,5127453.824,NT,Coal
1962,5316224.878,NT,Coal
1963,5532163.077,NT,Coal
1964,5753022.475,NT,Coal
1965,5996021.811,NT,Coal
1966,6227214.491,NT,Coal
1967,6375975.324,NT,Coal
1968,6548137.989,NT,Coal
1969,6719449.579,NT,Coal
1970,6909445.756,NT,Coal
1971,7096667.731,NT,Coal
1972,7269150.29,NT,Coal
1973,7426316.735,NT,Coal
1974,7554811.857,NT,Coal
1975,7713691.996,NT,Coal
1976,7833292.24,NT,Coal
1977,7945060.904,NT,Coal
1978,8043010.689,NT,Coal
1979,8080009.792,NT,Coal
1980,8036272.238,NT,Coal
1981,7955681.134,NT,Coal
1982,7641394.5,NT,Coal
1983,7336518.698,NT,Coal
1984,7048808.391,NT,Coal
1985,6726608.015,NT,Coal
1986,6387170.48,NT,Coal
1987,6038577.769,NT,Coal
1988,5680141.614,NT,Coal
1989,5303478.457,NT,Coal
1990,4940196.627,NT,Coal
1991,4602170.706,NT,Coal
1992,4220901.16,NT,Coal
1993,3846075.106,NT,Coal
1994,3457335.658,NT,Coal
1995,3085246.952,NT,Coal
1996,2720983.349,NT,Coal
1997,2398248.747,NT,Coal
1998,2105497.681,NT,Coal
1999,2011954.67,NT,Coal
2000,1910245.126,NT,Coal
2001,1800537.318,NT,Coal
2002,1682788.12,NT,Coal
2003,1557156.366,NT,Coal
2004,1423707.935,NT,Coal
2005,1282461.782,NT,Coal
2006,1151118.685,NT,Coal
2007,1029373.508,NT,Coal
2008,916863.7098,NT,Coal
2009,813630.2016,NT,Coal
2010,719738.2957,NT,Coal
2011,635452.4403,NT,Coal
2012,560760.5067,NT,Coal
2013,495634.3633,NT,Coal
2014,439854.2483,NT,Coal
2015,393476.1084,NT,Coal
2016,356323.6273,NT,Coal
2017,328253.5454,NT,Coal
2018,309023.1407,NT,Coal
2019,298813.2857,NT,Coal
2020,297363.6138,NT,Coal
2021,304390.1653,NT,Coal
1851,860552.661,NT,Iron Ore
1852,1061462.249,NT,Iron Ore
1853,1197177.276,NT,Iron Ore
1854,1322676.042,NT,Iron Ore
1855,1412443.056,NT,Iron Ore
1856,1514960.069,NT,Iron Ore
1857,1638227.083,NT,Iron Ore
1858,1774119.097,NT,Iron Ore
1859,1868719.722,NT,Iron Ore
1860,2027483.333,NT,Iron Ore
1861,2105257.944,NT,Iron Ore
1862,2022713.856,NT,Iron Ore
1863,1999450.767,NT,Iron Ore
1864,2045711.667,NT,Iron Ore
1865,2056346.296,NT,Iron Ore
1866,1944639.583,NT,Iron Ore
1867,2008159.524,NT,Iron Ore
1868,2021830.093,NT,Iron Ore
1869,2040968.889,NT,Iron Ore
1870,2069677.083,NT,Iron Ore
1871,2117524.074,NT,Iron Ore
1872,2213218.056,NT,Iron Ore
1873,1736577.122,NT,Iron Ore
1874,1736577.122,NT,Iron Ore
1875,1736577.122,NT,Iron Ore
1876,1736577.122,NT,Iron Ore
1877,1736577.122,NT,Iron Ore
1878,1736577.122,NT,Iron Ore
1879,1736577.122,NT,Iron Ore
1880,1736577.122,NT,Iron Ore
1881,1736577.122,NT,Iron Ore
1882,1736577.122,NT,Iron Ore
1883,1736577.122,NT,Iron Ore
1884,1736577.122,NT,Iron Ore
1885,1736577.122,NT,Iron Ore
1886,1736577.122,NT,Iron Ore
1887,1736577.122,NT,Iron Ore
1888,1736577.122,NT,Iron Ore
1889,1736577.122,NT,Iron Ore
1890,1736577.122,NT,Iron Ore
1891,1736577.122,NT,Iron Ore
1892,1736577.122,NT,Iron Ore
1893,1736577.122,NT,Iron Ore
1894,1736577.122,NT,Iron Ore
1895,1736577.122,NT,Iron Ore
1896,1736577.122,NT,Iron Ore
1897,1736577.122,NT,Iron Ore
1898,1736577.122,NT,Iron Ore
1899,1736577.122,NT,Iron Ore
1900,1736577.122,NT,Iron Ore
1901,1736577.122,NT,Iron Ore
1902,1736577.122,NT,Iron Ore
1903,1736577.122,NT,Iron Ore
1904,1736577.122,NT,Iron Ore
1905,1736577.122,NT,Iron Ore
1906,1736577.122,NT,Iron Ore
1907,1736577.122,NT,Iron Ore
1908,1736577.122,NT,Iron Ore
1909,1736577.122,NT,Iron Ore
1910,1736577.122,NT,Iron Ore
1911,1736577.122,NT,Iron Ore
1912,1736577.122,NT,Iron Ore
1913,1736577.122,NT,Iron Ore
1914,1736577.122,NT,Iron Ore
1915,1736577.122,NT,Iron Ore
1916,1736577.122,NT,Iron Ore
1917,1736577.122,NT,Iron Ore
1918,1736577.122,NT,Iron Ore
1919,1736577.122,NT,Iron Ore
1920,1736577.122,NT,Iron Ore
1921,1736577.122,NT,Iron Ore
1922,1736577.122,NT,Iron Ore
1923,1736577.122,NT,Iron Ore
1924,1736577.122,NT,Iron Ore
1925,1736577.122,NT,Iron Ore
1926,1736577.122,NT,Iron Ore
1927,1736577.122,NT,Iron Ore
1928,1736577.122,NT,Iron Ore
1929,1736577.122,NT,Iron Ore
1930,1736577.122,NT,Iron Ore
1931,1736577.122,NT,Iron Ore
1932,1736577.122,NT,Iron Ore
1933,1736577.122,NT,Iron Ore
1934,1736577.122,NT,Iron Ore
1935,1736577.122,NT,Iron Ore
1936,1736577.122,NT,Iron Ore
1937,1736577.122,NT,Iron Ore
1938,1736577.122,NT,Iron Ore
1939,1736577.122,NT,Iron Ore
1940,1736577.122,NT,Iron Ore
1941,1736577.122,NT,Iron Ore
1942,1736577.122,NT,Iron Ore
1943,1736577.122,NT,Iron Ore
1944,1736577.122,NT,Iron Ore
1945,1736577.122,NT,Iron Ore
1946,1736577.122,NT,Iron Ore
1947,1736577.122,NT,Iron Ore
1948,1736577.122,NT,Iron Ore
1949,1736577.122,NT,Iron Ore
1950,1736577.122,NT,Iron Ore
1951,1736577.122,NT,Iron Ore
1952,1736577.122,NT,Iron Ore
1953,1736577.122,NT,Iron Ore
1954,1736577.122,NT,Iron Ore
1955,1736577.122,NT,Iron Ore
1956,1736577.122,NT,Iron Ore
1957,1736577.122,NT,Iron Ore
1958,1736577.122,NT,Iron Ore
1959,1736577.122,NT,Iron Ore
1960,1736577.122,NT,Iron Ore
1961,1736577.122,NT,Iron Ore
1962,1736577.122,NT,Iron Ore
1963,1736577.122,NT,Iron Ore
1964,1736577.122,NT,Iron Ore
1965,1736577.122,NT,Iron Ore
1966,1736577.122,NT,Iron Ore
1967,318859.408,NT,Iron Ore
1968,840415.896,NT,Iron Ore
1969,922145.984,NT,Iron Ore
1970,1208000,NT,Iron Ore
1971,1106000,NT,Iron Ore
1972,940000,NT,Iron Ore
1973,839000,NT,Iron Ore
1974,710000,NT,Iron Ore
1975,1926136.111,NT,Iron Ore
1976,1926136.111,NT,Iron Ore
1977,1926136.111,NT,Iron Ore
1978,1926136.111,NT,Iron Ore
1979,1926136.111,NT,Iron Ore
1980,1926136.111,NT,Iron Ore
1981,1926136.111,NT,Iron Ore
1982,1926136.111,NT,Iron Ore
1983,1926136.111,NT,Iron Ore
1984,1926136.111,NT,Iron Ore
1985,1926136.111,NT,Iron Ore
1986,1926136.111,NT,Iron Ore
1987,1926136.111,NT,Iron Ore
1988,1926136.111,NT,Iron Ore
1989,1926136.111,NT,Iron Ore
1990,1926136.111,NT,Iron Ore
1991,1926136.111,NT,Iron Ore
1992,1926136.111,NT,Iron Ore
1993,1926136.111,NT,Iron Ore
1994,1926136.111,NT,Iron Ore
1995,1926136.111,NT,Iron Ore
1996,1926136.111,NT,Iron Ore
1997,1926136.111,NT,Iron Ore
1998,1926136.111,NT,Iron Ore
1999,1926136.111,NT,Iron Ore
2000,1926136.111,NT,Iron Ore
2001,1926136.111,NT,Iron Ore
2002,1926136.111,NT,Iron Ore
2003,1926136.111,NT,Iron Ore
2004,1926136.111,NT,Iron Ore
2005,1926136.111,NT,Iron Ore
2006,1926136.111,NT,Iron Ore
2007,338500,NT,Iron Ore
2008,1148390,NT,Iron Ore
2009,2751577,NT,Iron Ore
2010,2158767,NT,Iron Ore
2011,2037691,NT,Iron Ore
2012,1950000,NT,Iron Ore
2013,2950000,NT,Iron Ore
2014,1500000,NT,Iron Ore
2015,1926136.111,NT,Iron Ore
2016,1926136.111,NT,Iron Ore
2017,1926136.111,NT,Iron Ore
2018,1926136.111,NT,Iron Ore
2019,1926136.111,NT,Iron Ore
2020,1926136.111,NT,Iron Ore
2021,2500300,NT,Iron Ore
